date,method,window,decay,realized_pnl,var,expected_shortfall,exception,training_shocks,prior_sigma
2019-04-10,historical_common,250,,-58002.06184387207,48801.58395767202,90511.98482513422,True,250.0,22183.599708929127
2020-02-28,historical_common,250,,-57804.050445556546,48630.35852909102,52900.0377655029,True,250.0,22265.08318534279
2020-03-02,historical_common,250,,-77346.01020812988,50380.1648139953,55904.03079986563,True,250.0,25816.049046474312
2020-03-17,historical_common,250,,-65981.98413848877,54913.99598121628,64384.0408325195,True,250.0,55675.0898627037
2020-03-18,historical_common,250,,-101262.06636428833,57905.036258697466,67110.01873016357,True,250.0,56346.69490926714
2020-03-25,historical_common,250,,-79554.05831336991,62071.82221412657,81530.020236969,True,250.0,71261.90571785625
2020-04-20,historical_common,250,,-1612614.026069641,71777.63743400571,86054.04496192938,True,250.0,55078.35067905717
2020-04-27,historical_common,250,,-98718.02687644958,78472.11474180229,597810.0502490998,True,250.0,506727.25573390734
2021-08-25,historical_common,250,,-97788.09070587158,47325.76618194588,61622.07365036026,True,250.0,20378.190035839594
2022-03-01,historical_common,250,,-72161.96537017822,46201.312494277925,65274.133682251035,True,250.0,24334.833383008772
2022-03-02,historical_common,250,,-113076.13849639893,49060.415697097866,73710.07919311529,True,250.0,29480.400668872848
2022-03-03,historical_common,250,,-71478.03783416706,61880.891275405935,94342.06485748291,True,250.0,39801.01968564185
2022-03-04,historical_common,250,,-92381.81591033962,71826.84087753276,94342.06485748291,True,250.0,42374.76243583197
2022-03-08,historical_common,250,,-180456.31885528538,82474.08914566049,101082.0150375367,True,250.0,45953.55668493252
2022-03-17,historical_common,250,,-116909.9235534668,95139.01605606091,130440.18268585198,True,250.0,86826.76265929223
2022-04-13,historical_common,250,,-112679.9726486206,107096.12545967121,136814.1269683837,True,250.0,64942.97938579404
2022-04-25,historical_common,250,,-115097.83744811993,112882.01723098755,136814.1269683837,True,250.0,62516.04031587646
2022-04-26,historical_common,250,,-146700.0389099117,114107.20496177663,137488.02661895737,True,250.0,66847.66794798263
2022-04-27,historical_common,250,,-175536.2892150883,116022.00136184682,148022.09377288798,True,250.0,74106.33004304623
2022-04-28,historical_common,250,,-133277.7214050293,132102.88238525364,167564.21566009513,True,250.0,83731.84933575844
2022-06-22,historical_common,250,,-186468.00041198774,140123.1033325193,167564.21566009513,True,250.0,75130.03492254688
2023-03-01,historical_common,250,,-205038.0277633667,164813.9456748966,180820.20282745382,True,250.0,42938.855587977065
2024-03-01,historical_common,250,,-217751.9130706787,93056.93936347979,106322.0357894898,True,250.0,36749.63999346148
2025-03-03,historical_common,250,,-184710.03055572457,40249.39556121817,45070.09983062744,True,250.0,21100.731693618254
2025-06-16,historical_common,250,,-44364.03751373291,40017.178058624355,88401.98040008522,True,250.0,19554.842559257024
2025-07-23,historical_common,250,,-43919.77787017822,40090.63024520892,89798.01177978498,True,250.0,19341.529506099054
2025-10-29,historical_common,250,,-46422.0428466795,42155.87067604064,90997.94864654524,True,250.0,19957.732462881817
2025-11-06,historical_common,250,,-79104.00867462155,44146.35028839111,91832.03697204567,True,250.0,29908.50202969081
2025-11-18,historical_common,250,,-47550.00114440881,45413.620233535665,103412.02735900856,True,250.0,31502.21215282115
2026-01-20,historical_common,250,,-47801.89990997312,46997.301578521445,103788.01345825165,True,250.0,17357.352908300585
2026-01-21,historical_common,250,,-58464.016914367676,47678.469514846605,103871.97971343975,True,250.0,20501.276450125704
2026-01-30,historical_common,250,,-71735.91613769493,53239.57958221433,107426.0187149046,True,250.0,30271.795105167264
2026-03-02,historical_common,250,,-215957.76557922363,53239.57958221433,69767.98057556139,True,250.0,30484.747972884023
2026-03-03,historical_common,250,,-93342.24700927734,65232.68551826455,122265.89679718004,True,250.0,60595.59438003969
2026-03-04,historical_common,250,,-90197.81112670898,75493.64333152749,129468.00708770752,True,250.0,63041.91462335624
2026-03-10,historical_common,250,,-97596.08745574989,84761.84792518613,133165.94123840332,True,250.0,84619.12854203477
2026-03-11,historical_common,250,,-149843.93119811974,91801.47342681885,135632.0333480836,True,250.0,85453.33742751551
2026-03-17,historical_common,250,,-96990.02265930157,95511.70563697834,154465.92807769775,True,250.0,83646.47089322195
2026-03-20,historical_common,250,,-180131.97898864708,97299.11570549021,154465.92807769775,True,250.0,83365.40702024933
2026-04-22,historical_common,250,,-187325.86383819516,133976.7642974851,181977.89192199684,True,250.0,80611.36409112152
2026-07-08,historical_common,250,,-182616.04785919227,165290.83557128863,194471.86946868864,True,250.0,68636.20692874042
2019-04-10,historical_common_exclude_calendar_training,250,,-58002.06184387207,46003.17277908306,76772.97592163077,True,194.0,22183.599708929127
2019-09-19,historical_common_exclude_calendar_training,250,,-48792.071342468356,48737.559986114655,54954.02097702017,True,193.0,24040.26021067195
2020-02-28,historical_common_exclude_calendar_training,250,,-57804.050445556546,48978.905868530346,54954.02097702017,True,195.0,22265.08318534279
2020-03-02,historical_common_exclude_calendar_training,250,,-77346.01020812988,48978.905868530346,54954.02097702017,True,195.0,25816.049046474312
2020-03-17,historical_common_exclude_calendar_training,250,,-65981.98413848877,49041.18404388434,54954.02097702017,True,193.0,55675.0898627037
2020-03-18,historical_common_exclude_calendar_training,250,,-101262.06636428833,52393.666648864564,61992.02299118042,True,193.0,56346.69490926714
2020-03-25,historical_common_exclude_calendar_training,250,,-79554.05831336991,58640.45562744139,83622.02525138855,True,193.0,71261.90571785625
2020-04-20,historical_common_exclude_calendar_training,250,,-1612614.026069641,67067.75007247923,90408.06233882913,True,193.0,55078.35067905717
2020-04-27,historical_common_exclude_calendar_training,250,,-98718.02687644958,81073.61887693417,856938.0462169647,True,194.0,506727.25573390734
2021-06-22,historical_common_exclude_calendar_training,250,,-51180.18150329609,45055.768918991045,73074.02014732346,True,194.0,18700.706834960398
2021-08-25,historical_common_exclude_calendar_training,250,,-97788.09070587158,43864.658546447754,59688.112735748386,True,194.0,20378.190035839594
2022-03-01,historical_common_exclude_calendar_training,250,,-72161.96537017822,47070.43147087097,74484.13610458383,True,196.0,24334.833383008772
2022-03-02,historical_common_exclude_calendar_training,250,,-113076.13849639893,47113.69199752808,74484.13610458383,True,195.0,29480.400668872848
2022-03-03,historical_common_exclude_calendar_training,250,,-71478.03783416706,47156.95252418519,74484.13610458383,True,194.0,39801.01968564185
2022-03-04,historical_common_exclude_calendar_training,250,,-92381.81591033962,47200.21305084229,74484.13610458383,True,193.0,42374.76243583197
2022-03-08,historical_common_exclude_calendar_training,250,,-180456.31885528538,54476.3122558595,95084.9533081056,True,193.0,45953.55668493252
2022-03-17,historical_common_exclude_calendar_training,250,,-116909.9235534668,92814.31789398217,139122.2047805785,True,193.0,86826.76265929223
2022-03-23,historical_common_exclude_calendar_training,250,,-100872.03025817913,99317.83733367917,148683.1212043761,True,193.0,81333.54866444439
2022-04-13,historical_common_exclude_calendar_training,250,,-112679.9726486206,102315.440654755,148683.1212043761,True,192.0,64942.97938579404
2022-04-25,historical_common_exclude_calendar_training,250,,-115097.83744811993,113060.66823005676,148683.1212043761,True,192.0,62516.04031587646
2022-04-26,historical_common_exclude_calendar_training,250,,-146700.0389099117,115260.92519760114,148683.1212043761,True,192.0,66847.66794798263
2022-04-27,historical_common_exclude_calendar_training,250,,-175536.2892150883,119293.13278198233,163578.17888259853,True,193.0,74106.33004304623
2022-06-22,historical_common_exclude_calendar_training,250,,-186468.00041198774,149295.30143737755,177996.30403518683,True,192.0,75130.03492254688
2023-03-01,historical_common_exclude_calendar_training,250,,-205038.0277633667,175831.4909935001,183462.15963363656,True,195.0,42938.855587977065
2023-08-25,historical_common_exclude_calendar_training,250,,-121038.0220413208,111518.53408813452,151299.0045547487,True,193.0,38570.189011238304
2024-03-01,historical_common_exclude_calendar_training,250,,-217751.9130706787,88331.92777633667,109619.987010956,True,195.0,36749.63999346148
2025-03-03,historical_common_exclude_calendar_training,250,,-184710.03055572457,39871.37317657504,45962.96310424795,True,195.0,21100.731693618254
2025-04-23,historical_common_exclude_calendar_training,250,,-38897.76706695538,38659.71736907962,40013.937950134365,True,193.0,22656.69535932809
2025-06-16,historical_common_exclude_calendar_training,250,,-44364.03751373291,38974.10030364976,40013.937950134365,True,193.0,19554.842559257024
2025-07-23,historical_common_exclude_calendar_training,250,,-43919.77787017822,38974.10030364976,42107.98501968403,True,193.0,19341.529506099054
2025-10-29,historical_common_exclude_calendar_training,250,,-46422.0428466795,40136.68169975314,44141.90769195557,True,194.0,19957.732462881817
2025-11-06,historical_common_exclude_calendar_training,250,,-79104.00867462155,43955.3186416626,45393.040180206204,True,193.0,29908.50202969081
2025-11-18,historical_common_exclude_calendar_training,250,,-47550.00114440881,44528.67794036863,62763.025760650526,True,193.0,31502.21215282115
2026-01-20,historical_common_exclude_calendar_training,250,,-47801.89990997312,46512.27951049784,63327.00490951518,True,193.0,17357.352908300585
2026-01-21,historical_common_exclude_calendar_training,250,,-58464.016914367676,47570.153045653955,63452.954292297334,True,193.0,20501.276450125704
2026-01-30,historical_common_exclude_calendar_training,250,,-71735.91613769493,48548.248100280725,68784.01279449461,True,194.0,30271.795105167264
2026-03-02,historical_common_exclude_calendar_training,250,,-215957.76557922363,48548.248100280725,68784.01279449461,True,194.0,30484.747972884023
2026-03-03,historical_common_exclude_calendar_training,250,,-93342.24700927734,48548.248100280725,68784.01279449461,True,194.0,60595.59438003969
2026-03-04,historical_common_exclude_calendar_training,250,,-90197.81112670898,48548.248100280725,68784.01279449461,True,194.0,63041.91462335624
2026-03-05,historical_common_exclude_calendar_training,250,,-75150.11787414551,48654.86927032467,68784.01279449461,True,193.0,64992.03587624251
2026-03-10,historical_common_exclude_calendar_training,250,,-97596.08745574989,59798.90499114987,77127.06327438353,True,193.0,84619.12854203477
2026-03-11,historical_common_exclude_calendar_training,250,,-149843.93119811974,75466.42913818358,88350.04806518572,True,193.0,85453.33742751551
2026-03-17,historical_common_exclude_calendar_training,250,,-96990.02265930157,80583.37497711179,123720.00932693481,True,193.0,83646.47089322195
2026-03-20,historical_common_exclude_calendar_training,250,,-180131.97898864708,97038.50784301743,123720.00932693481,True,193.0,83365.40702024933
2026-03-24,historical_common_exclude_calendar_training,250,,-117461.95793151855,101775.9149551394,164987.9550933834,True,193.0,100434.06857366266
2026-04-22,historical_common_exclude_calendar_training,250,,-187325.86383819516,119728.69606018058,164987.9550933834,True,194.0,80611.36409112152
2026-07-08,historical_common_exclude_calendar_training,250,,-182616.04785919227,151661.21406555132,183728.9214134211,True,195.0,68636.20692874042
2019-04-10,ewma_fhs_0.94,250,0.94,-58002.06184387207,54638.639355367,86639.63141734521,True,250.0,22183.599708929127
2020-02-12,ewma_fhs_0.94,250,0.94,-39791.9726371763,36445.24805225944,55436.00660652303,True,250.0,16020.40953995076
2020-02-28,ewma_fhs_0.94,250,0.94,-57804.050445556546,50651.41921437439,55111.44645157631,True,250.0,22265.08318534279
2020-03-02,ewma_fhs_0.94,250,0.94,-77346.01020812988,62142.03599925693,66215.08420344251,True,250.0,25816.049046474312
2020-04-20,ewma_fhs_0.94,250,0.94,-1612614.026069641,132579.57654620672,148271.81057041266,True,250.0,55078.35067905717
2021-02-16,ewma_fhs_0.94,250,0.94,-68196.04396820068,28124.51060291678,137996.11360022196,True,250.0,11872.075227757745
2021-03-01,ewma_fhs_0.94,250,0.94,-65489.995479584024,45181.96319075709,255797.26022786458,True,250.0,20585.94791068018
2021-06-22,ewma_fhs_0.94,250,0.94,-51180.18150329609,41044.242972166474,69692.58921150386,True,250.0,18700.706834960398
2021-08-25,ewma_fhs_0.94,250,0.94,-97788.09070587158,50956.87045390933,79219.12883260453,True,250.0,20378.190035839594
2022-03-01,ewma_fhs_0.94,250,0.94,-72161.96537017822,57710.068713668166,82323.90879837377,True,250.0,24334.833383008772
2022-03-02,ewma_fhs_0.94,250,0.94,-113076.13849639893,78899.88066586027,103189.71834831689,True,250.0,29480.400668872848
2022-03-08,ewma_fhs_0.94,250,0.94,-180456.31885528538,131122.81084251188,177682.17465388644,True,250.0,45953.55668493252
2023-03-01,ewma_fhs_0.94,250,0.94,-205038.0277633667,104189.19720438472,146629.07586043267,True,250.0,42938.855587977065
2023-07-26,ewma_fhs_0.94,250,0.94,-98201.9519805912,79511.02051433304,120647.39811891678,True,250.0,39481.18538551548
2023-08-25,ewma_fhs_0.94,250,0.94,-121038.0220413208,84810.32805819286,123332.65575158778,True,250.0,38570.189011238304
2024-02-05,ewma_fhs_0.94,250,0.94,-64043.89858245831,52716.03148199024,82019.63996846072,True,250.0,23658.26030463645
2024-03-01,ewma_fhs_0.94,250,0.94,-217751.9130706787,81886.62876735108,102071.82522898349,True,250.0,36749.63999346148
2024-11-18,ewma_fhs_0.94,250,0.94,-27569.74697113037,26085.376041022864,48410.42828271738,True,250.0,13733.83420979548
2025-01-14,ewma_fhs_0.94,250,0.94,-39851.93252563514,32661.31885105891,58634.591113183444,True,250.0,16532.690893749343
2025-02-03,ewma_fhs_0.94,250,0.94,-40319.96726989746,38991.56871798762,64855.847078961175,True,250.0,17619.379285345512
2025-03-03,ewma_fhs_0.94,250,0.94,-184710.03055572457,42507.80908528537,47267.09006838198,True,250.0,21100.731693618254
2025-06-16,ewma_fhs_0.94,250,0.94,-44364.03751373291,42190.10791017698,87687.86825134135,True,250.0,19554.842559257024
2025-10-29,ewma_fhs_0.94,250,0.94,-46422.0428466795,45498.543133299856,89494.5080481994,True,250.0,19957.732462881817
2025-11-06,ewma_fhs_0.94,250,0.94,-79104.00867462155,69016.23120728593,134490.92721737883,True,250.0,29908.50202969081
2026-01-20,ewma_fhs_0.94,250,0.94,-47801.89990997312,40053.463068010235,79407.63990733534,True,250.0,17357.352908300585
2026-01-21,ewma_fhs_0.94,250,0.94,-58464.016914367676,51020.110374190044,96715.31069233014,True,250.0,20501.276450125704
2026-03-02,ewma_fhs_0.94,250,0.94,-215957.76557922363,76518.20496442565,83838.93286362721,True,250.0,30484.747972884023
2019-04-10,ewma_fhs_0.97,250,0.97,-58002.06184387207,53384.03157162471,92807.41790907287,True,250.0,22932.19560489146
2020-02-12,ewma_fhs_0.97,250,0.97,-39791.9726371763,35613.05134121823,55847.53194065163,True,250.0,15734.752736150778
2020-02-28,ewma_fhs_0.97,250,0.97,-57804.050445556546,44046.83063537208,47590.87787779939,True,250.0,19471.948815142958
2020-03-02,ewma_fhs_0.97,250,0.97,-77346.01020812988,52008.026034183706,57883.31399246518,True,250.0,21633.800738130467
2020-04-20,ewma_fhs_0.97,250,0.97,-1612614.026069641,124807.2893716036,155305.82137217172,True,250.0,51353.54269388254
2021-02-16,ewma_fhs_0.97,250,0.97,-68196.04396820068,56583.6237064774,269612.4445201189,True,250.0,21315.474424233285
2021-03-01,ewma_fhs_0.97,250,0.97,-65489.995479584024,49131.8034026784,288936.87299612473,True,250.0,23472.148165346207
2021-04-28,ewma_fhs_0.97,250,0.97,-29729.940891265658,29597.70987837514,48808.17787682416,True,250.0,18680.081226415758
2021-06-22,ewma_fhs_0.97,250,0.97,-51180.18150329609,31732.486943038377,47555.23822269746,True,250.0,18200.55063279371
2021-08-25,ewma_fhs_0.97,250,0.97,-97788.09070587158,47953.28855077529,59323.6211149329,True,250.0,20220.524722920138
2022-03-01,ewma_fhs_0.97,250,0.97,-72161.96537017822,49295.54628643856,77131.82544777209,True,250.0,23473.075100911585
2022-03-02,ewma_fhs_0.97,250,0.97,-113076.13849639893,66146.91020756066,93930.24770567955,True,250.0,26280.718681855877
2022-03-08,ewma_fhs_0.97,250,0.97,-180456.31885528538,109270.8769961604,151010.73701439178,True,250.0,37094.40595243004
2023-03-01,ewma_fhs_0.97,250,0.97,-205038.0277633667,145425.18480605228,218343.84991071397,True,250.0,55219.946706734816
2023-07-26,ewma_fhs_0.97,250,0.97,-98201.9519805912,78348.24603609224,107651.78050755795,True,250.0,40730.15544723938
2023-08-25,ewma_fhs_0.97,250,0.97,-121038.0220413208,84716.04968928473,111207.21036804294,True,250.0,40158.86881670762
2024-02-05,ewma_fhs_0.97,250,0.97,-64043.89858245831,61578.03912248672,87419.69254547144,True,250.0,28699.415285585426
2024-03-01,ewma_fhs_0.97,250,0.97,-217751.9130706787,70537.5799647258,87642.8209912181,True,250.0,34340.29515517811
2025-01-14,ewma_fhs_0.97,250,0.97,-39851.93252563514,28696.370704830726,58233.00331955506,True,250.0,16923.9592473768
2025-02-03,ewma_fhs_0.97,250,0.97,-40319.96726989746,35239.695809178884,64320.47413259287,True,250.0,17658.643360225957
2025-02-06,ewma_fhs_0.97,250,0.97,-38556.04648590088,36312.95401047674,67542.34084941591,True,250.0,18455.76079398397
2025-03-03,ewma_fhs_0.97,250,0.97,-184710.03055572457,37949.54900702973,45542.60805424558,True,250.0,20309.85239203298
2025-11-06,ewma_fhs_0.97,250,0.97,-79104.00867462155,59853.49541446578,125186.57817307788,True,250.0,27347.912060609433
2026-01-20,ewma_fhs_0.97,250,0.97,-47801.89990997312,47337.68362140271,102886.12048439957,True,250.0,21629.259909826233
2026-01-21,ewma_fhs_0.97,250,0.97,-58464.016914367676,51364.06613358941,108715.65872768703,True,250.0,22854.77601661203
2026-01-30,ewma_fhs_0.97,250,0.97,-71735.91613769493,67088.0920203947,134218.5727503725,True,250.0,27683.114059890813
2026-03-02,ewma_fhs_0.97,250,0.97,-215957.76557922363,73213.66868961512,82201.2533964186,True,250.0,30664.878472811542
2026-03-20,ewma_fhs_0.97,250,0.97,-180131.97898864708,179303.38747155294,290743.25946336787,True,250.0,69631.643496688
2026-07-08,ewma_fhs_0.97,250,0.97,-182616.04785919227,179340.3572148703,289214.83572170255,True,250.0,69265.5931975755
2019-04-10,ewma_fhs_0.99,250,0.99,-58002.06184387207,50727.07094015135,93637.63739269537,True,250.0,22556.416613151145
2020-02-28,ewma_fhs_0.99,250,0.99,-57804.050445556546,42170.90690145758,45585.67526062925,True,250.0,19352.98905170323
2020-03-02,ewma_fhs_0.99,250,0.99,-77346.01020812988,45208.45657217933,52685.02916214877,True,250.0,20104.872192135816
2020-03-18,ewma_fhs_0.99,250,0.99,-101262.06636428833,73835.18025533803,94868.62118133779,True,250.0,30259.90848062718
2020-04-20,ewma_fhs_0.99,250,0.99,-1612614.026069641,101870.92338604375,130357.73777612706,True,250.0,38414.45547840747
2021-06-22,ewma_fhs_0.99,250,0.99,-51180.18150329609,28907.650265855907,39937.69485666596,True,250.0,55794.64672914074
2021-06-23,ewma_fhs_0.99,250,0.99,-38711.98654174786,37358.240848950605,47244.028816190665,True,250.0,55750.392710548884
2021-08-25,ewma_fhs_0.99,250,0.99,-97788.09070587158,35435.62366226042,39283.94185540133,True,250.0,46357.079202069246
2021-09-29,ewma_fhs_0.99,250,0.99,-44585.92414855957,36290.02740533704,57167.319111753335,True,250.0,44665.024932174565
2021-10-25,ewma_fhs_0.99,250,0.99,-39480.04245758057,36141.572341058076,55980.73490251753,True,250.0,41725.001352330204
2021-11-02,ewma_fhs_0.99,250,0.99,-40613.86585235633,38402.58563553732,55677.2469525804,True,250.0,41202.94625166814
2021-12-08,ewma_fhs_0.99,250,0.99,-46854.12883758545,36522.00930556942,51568.43541015632,True,250.0,37793.97692381425
2022-01-21,ewma_fhs_0.99,250,0.99,-44316.158294678105,33410.80351941285,48802.75603883608,True,250.0,33677.14770103101
2022-01-27,ewma_fhs_0.99,250,0.99,-41813.836097717285,37524.323042355725,52034.84087463989,True,250.0,33462.275617176616
2022-02-24,ewma_fhs_0.99,250,0.99,-45521.85058593744,40068.21096683973,50161.745042959374,True,250.0,32189.723697613914
2022-03-01,ewma_fhs_0.99,250,0.99,-72161.96537017822,41185.2748003451,51767.747573877365,True,250.0,32090.506786048747
2022-03-02,ewma_fhs_0.99,250,0.99,-113076.13849639893,44716.75047902003,62985.59765548169,True,250.0,32734.937177096494
2022-03-03,ewma_fhs_0.99,250,0.99,-71478.03783416706,60983.26136593908,89785.50404508632,True,250.0,34477.85494837429
2022-03-04,ewma_fhs_0.99,250,0.99,-92381.81591033962,73295.78869277549,91254.04982261284,True,250.0,35041.7801481168
2022-03-08,ewma_fhs_0.99,250,0.99,-180456.31885528538,78475.03329969608,100044.06862807821,True,250.0,35989.96627357409
2022-04-26,ewma_fhs_0.99,250,0.99,-146700.0389099117,131681.39475157484,196180.05559540493,True,250.0,52999.187437987086
2022-04-27,ewma_fhs_0.99,250,0.99,-175536.2892150883,147977.06420353512,205010.83398146663,True,250.0,54736.03698257406
2023-08-25,ewma_fhs_0.99,250,0.99,-121038.0220413208,99567.96280896042,121781.05507913746,True,250.0,51218.600869035945
2024-03-01,ewma_fhs_0.99,250,0.99,-217751.9130706787,63902.290931272895,79552.92000545078,True,250.0,41586.295566014174
2025-01-14,ewma_fhs_0.99,250,0.99,-39851.93252563514,28749.85318721433,64222.76179212929,True,250.0,24033.78626282294
2025-02-03,ewma_fhs_0.99,250,0.99,-40319.96726989746,32770.38630293454,66068.73792747127,True,250.0,23524.59861481837
2025-02-06,ewma_fhs_0.99,250,0.99,-38556.04648590088,33134.06359114641,67680.02306712423,True,250.0,23586.661545729246
2025-03-03,ewma_fhs_0.99,250,0.99,-184710.03055572457,35562.62839159747,39333.850214616185,True,250.0,23568.41369448435
2025-06-16,ewma_fhs_0.99,250,0.99,-44364.03751373291,40693.34592226376,92338.08552641807,True,250.0,24712.90047318878
2025-07-23,ewma_fhs_0.99,250,0.99,-43919.77787017822,40347.23579395047,90475.62143184787,True,250.0,23922.034218451987
2025-10-29,ewma_fhs_0.99,250,0.99,-46422.0428466795,42343.61588039361,92213.89483169094,True,250.0,24122.254868277498
2025-11-06,ewma_fhs_0.99,250,0.99,-79104.00867462155,46875.96033340902,99790.00440065895,True,250.0,25813.124358786936
2026-01-20,ewma_fhs_0.99,250,0.99,-47801.89990997312,46162.093743353376,104918.1883241224,True,250.0,24540.118971428667
2026-01-21,ewma_fhs_0.99,250,0.99,-58464.016914367676,48179.16696761142,106568.53968191303,True,250.0,24880.624612147207
2026-01-30,ewma_fhs_0.99,250,0.99,-71735.91613769493,56849.39952484768,116641.12990635289,True,250.0,26406.41391893474
2026-03-02,ewma_fhs_0.99,250,0.99,-215957.76557922363,61233.53251744123,77088.40702401577,True,250.0,28442.833502003214
2026-03-03,ewma_fhs_0.99,250,0.99,-93342.24700927734,90309.57612134608,158697.48109512703,True,250.0,35598.91002525441
2026-03-11,ewma_fhs_0.99,250,0.99,-149843.93119811974,121885.23294782307,203482.98263465738,True,250.0,45645.16298868969
2026-03-20,ewma_fhs_0.99,250,0.99,-180131.97898864708,141260.34479201777,226808.11586240315,True,250.0,48810.98852666437
2019-04-10,ewma_fhs_exclude_calendar_training,250,0.94,-58002.06184387207,48458.172486138326,69629.85850992346,True,194.0,22183.599708929127
2019-06-21,ewma_fhs_exclude_calendar_training,250,0.94,-48462.045192718695,45409.72056574923,64805.39778736039,True,194.0,20823.68493638968
2020-02-12,ewma_fhs_exclude_calendar_training,250,0.94,-39791.9726371763,35709.55686297393,39585.575134180704,True,193.0,16020.40953995076
2020-02-28,ewma_fhs_exclude_calendar_training,250,0.94,-57804.050445556546,52025.715802173814,56758.895737286366,True,195.0,22265.08318534279
2020-03-02,ewma_fhs_exclude_calendar_training,250,0.94,-77346.01020812988,60323.081645211234,65811.13683608934,True,195.0,25816.049046474312
2020-04-20,ewma_fhs_exclude_calendar_training,250,0.94,-1612614.026069641,122769.86369092883,132493.3381966514,True,193.0,55078.35067905717
2021-01-08,ewma_fhs_exclude_calendar_training,250,0.94,-25151.982307433893,24670.27847584313,187314.19716513724,True,192.0,11794.721992937155
2021-02-16,ewma_fhs_exclude_calendar_training,250,0.94,-68196.04396820068,23947.64660669562,186457.01874303544,True,192.0,11872.075227757745
2021-03-01,ewma_fhs_exclude_calendar_training,250,0.94,-65489.995479584024,52161.427038473674,360488.6198207522,True,193.0,20585.94791068018
2021-06-22,ewma_fhs_exclude_calendar_training,250,0.94,-51180.18150329609,40038.79845922186,74792.641103526,True,194.0,18700.706834960398
2021-08-25,ewma_fhs_exclude_calendar_training,250,0.94,-97788.09070587158,46633.866071020595,86414.16516596987,True,194.0,20378.190035839594
2022-03-01,ewma_fhs_exclude_calendar_training,250,0.94,-72161.96537017822,63747.46457703941,91687.18934813232,True,196.0,24334.833383008772
2022-03-02,ewma_fhs_exclude_calendar_training,250,0.94,-113076.13849639893,77263.15068226003,111074.32032277813,True,195.0,29480.400668872848
2022-03-08,ewma_fhs_exclude_calendar_training,250,0.94,-180456.31885528538,120549.90159466473,173140.79725458132,True,193.0,45953.55668493252
2023-03-01,ewma_fhs_exclude_calendar_training,250,0.94,-205038.0277633667,102001.34335677966,137594.66548633468,True,195.0,42938.855587977065
2023-07-26,ewma_fhs_exclude_calendar_training,250,0.94,-98201.9519805912,69671.70283683509,86707.47190988292,True,193.0,39481.18538551548
2023-08-25,ewma_fhs_exclude_calendar_training,250,0.94,-121038.0220413208,80357.21226671975,92910.41516144741,True,193.0,38570.189011238304
2024-02-05,ewma_fhs_exclude_calendar_training,250,0.94,-64043.89858245831,46360.598605206535,66543.98814923147,True,194.0,23658.26030463645
2024-03-01,ewma_fhs_exclude_calendar_training,250,0.94,-217751.9130706787,72583.53051494219,103366.33280403001,True,195.0,36749.63999346148
2024-11-18,ewma_fhs_exclude_calendar_training,250,0.94,-27569.74697113037,25015.51522356958,26073.31419190215,True,193.0,13733.83420979548
2024-12-30,ewma_fhs_exclude_calendar_training,250,0.94,-26477.994918822682,26070.703939017083,27696.944725897243,True,196.0,14024.413589008162
2025-01-14,ewma_fhs_exclude_calendar_training,250,0.94,-39851.93252563514,30469.827920128962,32650.56488446761,True,194.0,16532.690893749343
2025-02-03,ewma_fhs_exclude_calendar_training,250,0.94,-40319.96726989746,34280.93892844517,38920.55201672115,True,196.0,17619.379285345512
2025-02-06,ewma_fhs_exclude_calendar_training,250,0.94,-38556.04648590088,35241.48652861074,42135.14761816313,True,194.0,19074.630462833335
2025-03-03,ewma_fhs_exclude_calendar_training,250,0.94,-184710.03055572457,42375.8869970529,46757.309804922086,True,195.0,21100.731693618254
2025-06-16,ewma_fhs_exclude_calendar_training,250,0.94,-44364.03751373291,39276.76369708389,43331.75953354208,True,193.0,19554.842559257024
2025-07-23,ewma_fhs_exclude_calendar_training,250,0.94,-43919.77787017822,39478.30110909813,45251.35618163495,True,193.0,19341.529506099054
2025-10-29,ewma_fhs_exclude_calendar_training,250,0.94,-46422.0428466795,45280.93947260468,46713.49566367839,True,194.0,19957.732462881817
2025-11-06,ewma_fhs_exclude_calendar_training,250,0.94,-79104.00867462155,68046.96901532794,70830.97000952494,True,193.0,29908.50202969081
2026-01-20,ewma_fhs_exclude_calendar_training,250,0.94,-47801.89990997312,39490.953253584004,43140.70129654175,True,193.0,17357.352908300585
2026-01-21,ewma_fhs_exclude_calendar_training,250,0.94,-58464.016914367676,48209.28090508387,55341.68433418921,True,193.0,20501.276450125704
2026-03-02,ewma_fhs_exclude_calendar_training,250,0.94,-215957.76557922363,80860.9543294724,85444.34803174404,True,194.0,30484.747972884023
2026-07-08,ewma_fhs_exclude_calendar_training,250,0.94,-182616.04785919227,181983.00496630077,192377.3802432153,True,195.0,68636.20692874042
2019-04-10,parametric,250,,-58002.06184387207,54249.589818045795,,True,,
2020-02-28,parametric,250,,-57804.050445556546,45973.448052026215,,True,,
2020-03-02,parametric,250,,-77346.01020812988,46776.756306576644,,True,,
2020-03-17,parametric,250,,-65981.98413848877,57255.71225716232,,True,,
2020-03-18,parametric,250,,-101262.06636428833,58118.05409645149,,True,,
2020-03-25,parametric,250,,-79554.05831336991,66432.87582004571,,True,,
2020-04-20,parametric,250,,-1612614.026069641,71021.31127447174,,True,,
2021-06-22,parametric,250,,-51180.18150329609,40957.189068639964,,True,,
2021-08-25,parametric,250,,-97788.09070587158,41441.7886035268,,True,,
2022-03-01,parametric,250,,-72161.96537017822,53876.50428970841,,True,,
2022-03-02,parametric,250,,-113076.13849639893,54857.48726198447,,True,,
2022-03-03,parametric,250,,-71478.03783416706,57271.96828125662,,True,,
2022-03-04,parametric,250,,-92381.81591033962,58191.34994227619,,True,,
2022-03-08,parametric,250,,-180456.31885528538,59653.60041623524,,True,,
2022-03-11,parametric,250,,-82223.82545471271,78946.55540614827,,True,,
2022-03-17,parametric,250,,-116909.9235534668,80237.8320869114,,True,,
2022-03-23,parametric,250,,-100872.03025817913,82007.75422749862,,True,,
2022-04-13,parametric,250,,-112679.9726486206,87915.21274902282,,True,,
2022-04-25,parametric,250,,-115097.83744811993,90779.46894167429,,True,,
2022-04-26,parametric,250,,-146700.0389099117,92183.13452504695,,True,,
2022-04-27,parametric,250,,-175536.2892150883,94560.68470174416,,True,,
2022-04-28,parametric,250,,-133277.7214050293,97870.2225967566,,True,,
2022-06-22,parametric,250,,-186468.00041198774,121002.97556523183,,True,,
2022-07-07,parametric,250,,-138977.8232574459,131440.36841562958,,True,,
2023-03-01,parametric,250,,-205038.0277633667,188492.2951805396,,True,,
2024-03-01,parametric,250,,-217751.9130706787,94688.7287900676,,True,,
2025-03-03,parametric,250,,-184710.03055572457,49895.08455148347,,True,,
2025-11-06,parametric,250,,-79104.00867462155,57615.8283533879,,True,,
2026-01-30,parametric,250,,-71735.91613769493,62553.49437976592,,True,,
2026-03-02,parametric,250,,-215957.76557922363,59510.23530523007,,True,,
2026-03-03,parametric,250,,-93342.24700927734,67372.33307527972,,True,,
2026-03-04,parametric,250,,-90197.81112670898,68702.81838529072,,True,,
2026-03-05,parametric,250,,-75150.11787414551,69667.01819525611,,True,,
2026-03-10,parametric,250,,-97596.08745574989,79167.7093185018,,True,,
2026-03-11,parametric,250,,-149843.93119811974,80425.17746944986,,True,,
2026-03-17,parametric,250,,-96990.02265930157,83572.31641583407,,True,,
2026-03-19,parametric,250,,-89987.9264831543,85022.60915669758,,True,,
2026-03-20,parametric,250,,-180131.97898864708,85981.0523346042,,True,,
2026-03-24,parametric,250,,-117461.95793151855,94109.45957516665,,True,,
2026-04-22,parametric,250,,-187325.86383819516,107236.0661978064,,True,,
2026-06-25,parametric,250,,-126059.88979339562,122132.07283071693,,True,,
2026-07-06,parametric,250,,-125243.94035339355,124641.53516097613,,True,,
2026-07-08,parametric,250,,-182616.04785919227,126743.82753708053,,True,,
2019-06-21,weighted_historical,250,0.97,-48462.045192718695,43962.02087402344,,True,,
2019-06-26,weighted_historical,250,0.97,-51905.98011016827,48462.045192718695,,True,,
2019-09-19,weighted_historical,250,0.97,-48792.071342468356,48462.045192718695,,True,,
2020-01-29,weighted_historical,250,0.97,-22475.910186767578,22266.02554321289,,True,,
2020-02-05,weighted_historical,250,0.97,-27834.0482711792,22475.910186767578,,True,,
2020-02-07,weighted_historical,250,0.97,-31374.049186706732,27834.0482711792,,True,,
2020-02-12,weighted_historical,250,0.97,-39791.9726371763,31374.049186706732,,True,,
2020-02-28,weighted_historical,250,0.97,-57804.050445556546,39791.9726371763,,True,,
2020-03-02,weighted_historical,250,0.97,-77346.01020812988,57804.050445556546,,True,,
2020-03-18,weighted_historical,250,0.97,-101262.06636428833,77346.01020812988,,True,,
2020-04-20,weighted_historical,250,0.97,-1612614.026069641,101262.06636428833,,True,,
2020-08-24,weighted_historical,250,0.97,-77951.99632644624,65741.96577072155,,True,,
2021-01-08,weighted_historical,250,0.97,-25151.982307433893,23790.028095245456,,True,,
2021-02-16,weighted_historical,250,0.97,-68196.04396820068,25151.982307433893,,True,,
2021-06-22,weighted_historical,250,0.97,-51180.18150329609,31955.95264434833,,True,,
2021-08-25,weighted_historical,250,0.97,-97788.09070587158,38765.91682434082,,True,,
2021-12-08,weighted_historical,250,0.97,-46854.12883758545,44585.92414855957,,True,,
2022-02-24,weighted_historical,250,0.97,-45521.85058593744,44316.158294678105,,True,,
2022-03-01,weighted_historical,250,0.97,-72161.96537017822,45521.85058593744,,True,,
2022-03-02,weighted_historical,250,0.97,-113076.13849639893,72161.96537017822,,True,,
2022-03-08,weighted_historical,250,0.97,-180456.31885528538,113076.13849639893,,True,,
2022-06-22,weighted_historical,250,0.97,-186468.00041198774,175536.2892150883,,True,,
2022-10-25,weighted_historical,250,0.97,-153653.9554595951,134934.18216705363,,True,,
2023-03-01,weighted_historical,250,0.97,-205038.0277633667,108264.14108276348,,True,,
2023-07-26,weighted_historical,250,0.97,-98201.9519805912,56405.66825866699,,True,,
2023-08-25,weighted_historical,250,0.97,-121038.0220413208,98201.9519805912,,True,,
2024-02-05,weighted_historical,250,0.97,-64043.89858245831,51342.07248687781,,True,,
2024-03-01,weighted_historical,250,0.97,-217751.9130706787,64043.89858245831,,True,,
2025-01-14,weighted_historical,250,0.97,-39851.93252563514,27569.74697113037,,True,,
2025-02-03,weighted_historical,250,0.97,-40319.96726989746,39851.93252563514,,True,,
2025-03-03,weighted_historical,250,0.97,-184710.03055572457,40319.96726989746,,True,,
2025-06-16,weighted_historical,250,0.97,-44364.03751373291,38897.76706695538,,True,,
2025-10-29,weighted_historical,250,0.97,-46422.0428466795,36185.94646453913,,True,,
2025-11-06,weighted_historical,250,0.97,-79104.00867462155,46422.0428466795,,True,,
2026-01-20,weighted_historical,250,0.97,-47801.89990997312,47550.00114440881,,True,,
2026-01-21,weighted_historical,250,0.97,-58464.016914367676,47801.89990997312,,True,,
2026-01-30,weighted_historical,250,0.97,-71735.91613769493,58464.016914367676,,True,,
2026-03-02,weighted_historical,250,0.97,-215957.76557922363,71735.91613769493,,True,,
2026-07-08,weighted_historical,250,0.97,-182616.04785919227,180131.97898864708,,True,,
