date,method,window,decay,realized_pnl,var,exception,CL=F,RB=F,HO=F
2020-04-20,historical,250,,-1612614.026069641,71777.63743400571,True,-1677000.0457763672,35616.00208282471,28770.01762390141
2024-03-01,historical,250,,-217751.9130706787,93056.93936347979,True,51299.97253417969,-260483.86573791504,-8568.01986694336
2026-03-02,historical,250,,-215957.76557922363,53239.57958221433,True,126300.20141601562,-245868.04389953613,-96389.92309570312
2023-03-01,historical,250,,-205038.0277633667,164813.9456748966,True,19199.981689453125,-202019.97756958008,-22218.031883239746
2026-04-22,historical,250,,-187325.86383819516,133976.7642974851,True,24900.05493164105,-124403.91540527306,-87822.00336456316
2022-06-22,historical,250,,-186468.00041198774,140123.1033325193,True,-133799.97253418012,-33263.912200927734,-19404.115676879883
2025-03-03,historical,250,,-184710.03055572457,40249.39556121817,True,-41699.981689453125,-182699.97596740688,39689.92710113544
2026-07-08,historical,250,,-182616.04785919227,165290.83557128863,True,92399.82604980469,-125579.91027832069,-149435.96363067627
2022-03-08,historical,250,,-180456.31885528538,82474.08914566049,True,128999.86267089887,-92820.08171081543,-216636.09981536883
2026-03-20,historical,250,,-180131.97898864708,97299.11570549021,True,65400.00915527344,-133644.0467834469,-111887.94136047363
2022-04-27,historical,250,,-175536.2892150883,116022.00136184682,True,9599.990844726137,-98448.1143951416,-86688.16566467285
2022-10-25,historical,250,,-153653.9554595951,161406.5265655517,False,22199.935913085938,-156071.86317443885,-19782.028198242188
2026-03-11,historical,250,,-149843.93119811974,91801.47342681885,True,114000.09155273438,-124320.00160217247,-139524.02114868164
2022-10-27,historical,250,,-148944.05364990234,164813.9456748966,False,35099.945068359375,-94248.01826477051,-89795.98045349121
2022-04-26,historical,250,,-146700.0389099117,114107.20496177663,True,94799.88098144573,-83159.98077392578,-158339.93911743164
2022-07-07,historical,250,,-138977.8232574459,161406.5265655517,False,126000.13732910156,-154391.98493957482,-110585.97564697266
2022-08-09,historical,250,,-134934.18216705363,161406.5265655517,False,-7800.064086914489,-62160.10093688965,-64974.01714324951
2022-04-28,historical,250,,-133277.7214050293,132102.88238525364,True,100200.11901855469,-39815.99807739258,-193661.8423461914
2022-11-03,historical,250,,-131046.02336883526,164813.9456748966,False,-54900.054931640625,2771.9593048095703,-78917.9277420042
2026-08-10,historical,250,,-128291.98837280273,181398.85411262512,False,118499.90844726562,-126083.99391174316,-120707.9029083252
2026-09-30,historical,250,,-127643.99528503376,181398.85411262512,False,31200.027465820735,-134064.0163421631,-24780.006408691406
2022-10-04,historical,250,,-126197.94845581093,161406.5265655517,False,86699.98168945312,-142883.97789001503,-70013.95225524902
2026-06-25,historical,250,,-126059.88979339562,165290.83557128863,False,47400.054931640625,-122219.95353698693,-51239.99118804932
2026-08-28,historical,250,,-125447.95989990272,181398.85411262512,False,-3899.9176025390625,-88788.01345825233,-32760.028839111328
2026-07-06,historical,250,,-125243.94035339355,165290.83557128863,False,-4199.981689453125,-72239.97116088867,-48803.98750305176
2026-07-28,historical,250,,-123053.94172668457,181398.85411262512,False,-100499.95422363281,-6048.002243041992,-16505.985260009766
2023-08-25,historical,250,,-121038.0220413208,140174.01881217945,False,23399.96337890625,-80976.01890563965,-63461.9665145874
2019-03-01,historical,250,,-117990.00263214111,44775.95543861379,True,-42600.059509277344,-84839.95914459229,9450.016021728516
2026-03-24,historical,250,,-117461.95793151855,124242.4877643584,False,126600.03662109375,-145403.99551391602,-98657.99903869629
2026-09-15,historical,250,,-117413.80691528402,181398.85411262512,False,133200.07324218706,-124403.91540527382,-126209.96475219727
