date,RB_change_usd_per_gal,RB_hedge_pnl_usd,calendar_flag
2022-08-01,-0.4900000095367427,411600.0080108639,True
2022-03-09,-0.38879990577697754,326591.92085266113,False
2022-07-05,-0.35879993438720703,301391.9448852539,True
2026-03-23,-0.3113000392913814,261492.03300476036,False
2024-03-01,0.31009984016418457,-260483.86573791504,True
2026-09-01,-0.30190014839172363,253596.12464904785,True
2026-04-08,-0.29930019378662065,251412.16278076134,False
2026-03-02,0.29270005226135254,-245868.04389953613,True
2022-03-01,0.2917001247406006,-245028.1047821045,True
2021-11-26,-0.2902998924255371,243851.90963745117,False
2022-03-04,0.2595999240875244,-218063.9362335205,False
2026-08-03,-0.2548999786376953,214115.98205566406,True
2020-03-09,-0.2521001100540161,211764.09244537354,False
2022-03-28,-0.2511999607086173,211007.9669952385,False
2023-03-01,0.24049997329711914,-202019.97756958008,True
2024-09-03,-0.23399996757507324,196559.97276306152,True
2026-05-26,-0.23340010643005416,196056.0894012455,False
2022-03-17,0.22909998893737793,-192443.99070739746,False
2022-05-18,-0.2211000919342041,185724.07722473145,False
2026-04-01,-0.2209000587463379,185556.04934692383,True
2022-09-01,-0.22060012817382812,185304.10766601562,True
2022-03-02,0.21959996223449707,-184463.96827697754,True
2025-03-03,0.21749997138977006,-182699.97596740685,True
2022-11-01,-0.21619987487793013,181607.89489746132,True
2020-03-12,-0.2127999663352964,178751.971721649,False
2020-03-16,-0.20930004119873047,175812.0346069336,False
2026-05-20,-0.2087998390197754,175391.86477661133,False
2019-09-16,0.19930005073547385,-167412.04261779803,False
2022-07-12,-0.1975998878479004,165983.90579223633,False
2026-04-02,0.19660019874572754,-165144.16694641113,True
