method,window,decay,confidence,observations,exceptions,expected_exception_rate,actual_exception_rate,lr_pof,kupiec_p_value,lr_independence,independence_p_value,conditional_coverage_lr,conditional_coverage_p_value,kupiec_pass_5pct,independence_pass_5pct,conditional_coverage_pass_5pct,period,average_var,start,end
historical_common,250,,0.99,1894,41,0.010000000000000009,0.02164730728616684,19.46882905745929,1.022548210605212e-05,47.15230604376637,6.5679683913799636e-12,66.62113510122566,3.4416913763379853e-15,False,False,False,all_common_dates,91609.30373260818,2019-03-29,2026-10-07
historical_common,250,,0.99,1198,22,0.010000000000000009,0.018363939899833055,6.788262486993489,0.009175917526033528,38.72775692027304,4.872309222747617e-10,45.516019407266526,1.3071399518338467e-10,False,False,False,before_2024,96804.69792012584,2019-03-29,2023-12-29
historical_common,250,,0.99,696,19,0.010000000000000009,0.027298850574712645,14.293479359221408,0.00015640573821462667,10.789968537257806,0.001020516166906127,25.083447896479214,3.5743616820793633e-06,False,False,False,2024_onward,82666.65684087519,2024-01-02,2026-10-07
historical_common_exclude_calendar_training,250,,0.99,1894,47,0.010000000000000009,0.02481520591341077,29.73594659251546,4.950822884985939e-08,39.91181719046216,2.6569091371442255e-10,69.64776378297762,7.771561172376096e-16,False,False,False,all_common_dates,89980.91146422921,2019-03-29,2026-10-07
historical_common_exclude_calendar_training,250,,0.99,1198,25,0.010000000000000009,0.020868113522537562,10.88531968993675,0.0009692944863524122,27.199865105254815,1.8347147512365325e-07,38.085184795191566,5.369170552604885e-09,False,False,False,before_2024,97287.18033017032,2019-03-29,2023-12-29
historical_common_exclude_calendar_training,250,,0.99,696,22,0.010000000000000009,0.031609195402298854,20.888671186039517,4.867649368800464e-06,13.003143650730465,0.00031096847107392467,33.89181483676998,4.370045081358853e-08,False,False,False,2024_onward,77404.8912036007,2024-01-02,2026-10-07
ewma_fhs_0.94,250,0.94,0.99,1894,27,0.010000000000000009,0.014255543822597676,3.0609779194202247,0.08019339220969646,7.622592318823251,0.005764157158069438,10.683570238243476,0.004787317146622505,True,False,False,all_common_dates,121019.54306363952,2019-03-29,2026-10-07
ewma_fhs_0.94,250,0.94,0.99,1198,15,0.010000000000000009,0.012520868113522538,0.7120447087111188,0.3987658527439001,6.29985628813688,0.012074776108286778,7.011900996847999,0.030018227502001338,True,False,False,before_2024,136771.4902028515,2019-03-29,2023-12-29
ewma_fhs_0.94,250,0.94,0.99,696,12,0.010000000000000009,0.017241379310344827,3.0304076283530037,0.08171748420391012,1.67259146408,0.19591178847055035,4.702999092433004,0.09522625892100378,True,True,True,2024_onward,93906.27772919126,2024-01-02,2026-10-07
ewma_fhs_0.97,250,0.97,0.99,1894,29,0.010000000000000009,0.015311510031678986,4.643215360774377,0.031176537827995454,6.823494853452701,0.008996634310426188,11.466710214227078,0.0032362011970221705,False,False,False,all_common_dates,131137.72205927665,2019-03-29,2026-10-07
ewma_fhs_0.97,250,0.97,0.99,1198,16,0.010000000000000009,0.01335559265442404,1.2328453064507414,0.26685440651271164,5.793002103618051,0.01609008924302502,7.025847410068792,0.029809632333411162,True,False,False,before_2024,156071.36756654395,2019-03-29,2023-12-29
ewma_fhs_0.97,250,0.97,0.99,696,13,0.010000000000000009,0.01867816091954023,4.217117893760417,0.04001807947679781,1.4068459358362588,0.23558069227132084,5.623963829596676,0.060085789391132294,False,True,True,2024_onward,88220.3264878597,2024-01-02,2026-10-07
ewma_fhs_0.99,250,0.99,0.99,1894,39,0.010000000000000009,0.020591341077085535,16.43365137583362,5.0382815902860756e-05,25.30742091477589,4.888244694578603e-07,41.74107229060951,8.630606229687032e-10,False,False,False,all_common_dates,137638.09528207337,2019-03-29,2026-10-07
ewma_fhs_0.99,250,0.99,0.99,1198,23,0.010000000000000009,0.019198664440734557,8.066470496585225,0.004509186528412812,23.207263170788735,1.454469596762209e-06,31.27373366737396,1.618061482577815e-07,False,False,False,before_2024,169489.54427456675,2019-03-29,2023-12-29
ewma_fhs_0.99,250,0.99,0.99,696,16,0.010000000000000009,0.022988505747126436,8.676220149949017,0.0032238893742085883,3.8613679152765883,0.04941002880329226,12.537588065225606,0.0018945119257119947,False,False,False,2024_onward,82813.33106798276,2024-01-02,2026-10-07
ewma_fhs_exclude_calendar_training,250,0.94,0.99,1894,33,0.010000000000000009,0.017423442449841606,8.63096965125419,0.003304956107606949,5.434897352278824,0.019738250735347185,14.065867003533015,0.0008823396355440716,False,False,False,all_common_dates,109827.27772775343,2019-03-29,2026-10-07
ewma_fhs_exclude_calendar_training,250,0.94,0.99,1198,17,0.010000000000000009,0.014190317195325543,1.8804194594008834,0.170286481102232,5.325410868040507,0.021016653215033765,7.20583032744139,0.0272441853111135,True,False,False,before_2024,122433.53305372523,2019-03-29,2023-12-29
ewma_fhs_exclude_calendar_training,250,0.94,0.99,696,16,0.010000000000000009,0.022988505747126436,8.676220149949017,0.0032238893742085883,0.7865112331330977,0.37515714112152976,9.462731383082115,0.008814425030329254,False,True,False,2024_onward,88128.57962356631,2024-01-02,2026-10-07
parametric,250,,0.99,1894,43,0.010000000000000009,0.02270327349524815,22.70352347143512,1.890209520016839e-06,50.98335539498157,9.314771176605063e-13,73.68687886641669,1.1102230246251565e-16,False,False,False,all_common_dates,124398.29737783872,2019-03-29,2026-10-07
parametric,250,,0.99,1198,25,0.010000000000000009,0.020868113522537562,10.88531968993675,0.0009692944863524122,33.88277370772394,5.853468487693192e-09,44.76809339766069,1.8999057882496118e-10,False,False,False,before_2024,149024.7098481669,2019-03-29,2023-12-29
parametric,250,,0.99,696,18,0.010000000000000009,0.02586206896551724,12.304760658845424,0.00045180442964842804,17.26733193714159,3.247218896762494e-05,29.572092595987016,3.788800024828731e-07,False,False,False,2024_onward,82009.7310855209,2024-01-02,2026-10-07
weighted_historical,250,0.97,0.99,1894,39,0.010000000000000009,0.020591341077085535,16.43365137583362,5.0382815902860756e-05,3.771682228297834,0.05212718251129422,20.205333604131454,4.097015012827221e-05,False,True,False,all_common_dates,122218.63640147758,2019-03-29,2026-10-07
weighted_historical,250,0.97,0.99,1198,26,0.010000000000000009,0.021702838063439065,12.419001183888923,0.00042498747896235756,2.354511190264361,0.12492103673076571,14.773512374153285,0.0006194019222170999,False,True,False,before_2024,138408.26887519218,2019-03-29,2023-12-29
weighted_historical,250,0.97,0.99,696,13,0.010000000000000009,0.01867816091954023,4.217117893760417,0.04001807947679781,1.4068459358362588,0.23558069227132084,5.623963829596676,0.060085789391132294,False,True,True,2024_onward,94351.99889643434,2024-01-02,2026-10-07
