date,contract
2024-01-02,A
2024-01-03,A
2024-01-04,A
2024-01-05,A
2024-01-08,A
2024-01-09,A
2024-01-10,A
2024-01-11,A
2024-01-12,A
2024-01-15,A
2024-01-16,A
2024-01-17,A
2024-01-18,A
2024-01-19,A
2024-01-22,A
2024-01-23,A
2024-01-24,A
2024-01-25,A
2024-01-26,A
2024-01-29,A
2024-01-30,A
2024-01-31,A
2024-02-01,A
2024-02-02,A
2024-02-05,A
2024-02-06,A
2024-02-07,A
2024-02-08,A
2024-02-09,A
2024-02-12,A
2024-02-13,A
2024-02-14,A
2024-02-15,A
2024-02-16,A
2024-02-19,A
2024-02-20,A
2024-02-21,A
2024-02-22,A
2024-02-23,A
2024-02-26,A
2024-02-27,A
2024-02-28,A
2024-02-29,A
2024-03-01,A
2024-03-04,A
2024-03-05,A
2024-03-06,A
2024-03-07,A
2024-03-08,A
2024-03-11,A
2024-03-12,A
2024-03-13,A
2024-03-14,A
2024-03-15,A
2024-03-18,A
2024-03-19,A
2024-03-20,A
2024-03-21,A
2024-03-22,A
2024-03-25,A
2024-03-26,A
2024-03-27,A
2024-03-28,A
2024-03-29,A
2024-04-01,A
2024-04-02,B
2024-04-03,B
2024-04-04,B
2024-04-05,B
2024-04-08,B
2024-04-09,B
2024-04-10,B
2024-04-11,B
2024-04-12,B
2024-04-15,B
2024-04-16,B
2024-04-17,B
2024-04-18,B
2024-04-19,B
2024-04-22,B
2024-04-23,B
2024-04-24,B
2024-04-25,B
2024-04-26,B
2024-04-29,B
2024-04-30,B
2024-05-01,B
2024-05-02,B
2024-05-03,B
2024-05-06,B
2024-05-07,B
2024-05-08,B
2024-05-09,B
2024-05-10,B
2024-05-13,B
2024-05-14,B
2024-05-15,B
2024-05-16,B
2024-05-17,B
2024-05-20,B
2024-05-21,B
2024-05-22,B
2024-05-23,B
2024-05-24,B
2024-05-27,B
2024-05-28,B
2024-05-29,B
2024-05-30,B
2024-05-31,B
2024-06-03,B
2024-06-04,B
2024-06-05,B
2024-06-06,B
2024-06-07,B
2024-06-10,B
2024-06-11,B
2024-06-12,B
2024-06-13,B
2024-06-14,B
2024-06-17,B
2024-06-18,B
2024-06-19,B
2024-06-20,B
2024-06-21,B
2024-06-24,B
2024-06-25,B
2024-06-26,B
2024-06-27,B
2024-06-28,B
2024-07-01,B
2024-07-02,C
2024-07-03,C
2024-07-04,C
2024-07-05,C
2024-07-08,C
2024-07-09,C
2024-07-10,C
2024-07-11,C
2024-07-12,C
2024-07-15,C
2024-07-16,C
2024-07-17,C
2024-07-18,C
2024-07-19,C
2024-07-22,C
2024-07-23,C
2024-07-24,C
2024-07-25,C
2024-07-26,C
2024-07-29,C
2024-07-30,C
2024-07-31,C
2024-08-01,C
2024-08-02,C
2024-08-05,C
2024-08-06,C
2024-08-07,C
2024-08-08,C
2024-08-09,C
2024-08-12,C
2024-08-13,C
2024-08-14,C
2024-08-15,C
2024-08-16,C
2024-08-19,C
2024-08-20,C
2024-08-21,C
2024-08-22,C
2024-08-23,C
2024-08-26,C
2024-08-27,C
2024-08-28,C
2024-08-29,C
2024-08-30,C
2024-09-02,C
2024-09-03,C
2024-09-04,C
2024-09-05,C
2024-09-06,C
2024-09-09,C
2024-09-10,C
2024-09-11,C
2024-09-12,C
2024-09-13,C
2024-09-16,C
2024-09-17,C
2024-09-18,C
2024-09-19,C
2024-09-20,C
2024-09-23,C
2024-09-24,C
2024-09-25,C
2024-09-26,C
2024-09-27,C
2024-09-30,C
2024-10-01,D
2024-10-02,D
2024-10-03,D
2024-10-04,D
2024-10-07,D
2024-10-08,D
2024-10-09,D
2024-10-10,D
2024-10-11,D
2024-10-14,D
2024-10-15,D
2024-10-16,D
2024-10-17,D
2024-10-18,D
2024-10-21,D
2024-10-22,D
2024-10-23,D
2024-10-24,D
2024-10-25,D
2024-10-28,D
2024-10-29,D
2024-10-30,D
2024-10-31,D
2024-11-01,D
2024-11-04,D
2024-11-05,D
2024-11-06,D
2024-11-07,D
2024-11-08,D
2024-11-11,D
2024-11-12,D
2024-11-13,D
2024-11-14,D
2024-11-15,D
2024-11-18,D
2024-11-19,D
2024-11-20,D
2024-11-21,D
2024-11-22,D
2024-11-25,D
2024-11-26,D
2024-11-27,D
2024-11-28,D
2024-11-29,D
2024-12-02,D
2024-12-03,D
2024-12-04,D
2024-12-05,D
2024-12-06,D
2024-12-09,D
2024-12-10,D
2024-12-11,D
2024-12-12,D
2024-12-13,D
2024-12-16,D
2024-12-17,D
2024-12-18,D
2024-12-19,D
2024-12-20,D
2024-12-23,D
2024-12-24,D
2024-12-25,D
2024-12-26,D
2024-12-27,D
2024-12-30,D
