date,contract,settlement
2024-01-02,A,70.15235853987721
2024-01-02,B,78.15235853987721
2024-01-02,C,65.15235853987721
2024-01-02,D,80.15235853987721
2024-01-03,A,69.63236648675696
2024-01-03,B,77.63236648675696
2024-01-03,C,64.63236648675696
2024-01-03,D,79.63236648675696
2024-01-04,A,70.0075920846602
2024-01-04,B,78.0075920846602
2024-01-04,C,65.0075920846602
2024-01-04,D,80.0075920846602
2024-01-05,A,70.4778744428558
2024-01-05,B,78.4778744428558
2024-01-05,C,65.4778744428558
2024-01-05,D,80.4778744428558
2024-01-08,A,69.50235684852889
2024-01-08,B,77.50235684852889
2024-01-08,C,64.50235684852889
2024-01-08,D,79.50235684852889
2024-01-09,A,68.85126709509773
2024-01-09,B,76.85126709509773
2024-01-09,C,63.851267095097725
2024-01-09,D,78.85126709509773
2024-01-10,A,68.91518729668137
2024-01-10,B,76.91518729668137
2024-01-10,C,63.91518729668137
2024-01-10,D,78.91518729668137
2024-01-11,A,68.75706600050958
2024-01-11,B,76.75706600050958
2024-01-11,C,63.75706600050958
2024-01-11,D,78.75706600050958
2024-01-12,A,68.74866542175744
2024-01-12,B,76.74866542175744
2024-01-12,C,63.74866542175744
2024-01-12,D,78.74866542175744
2024-01-15,A,68.32214345797064
2024-01-15,B,76.32214345797064
2024-01-15,C,63.32214345797064
2024-01-15,D,78.32214345797064
2024-01-16,A,68.76184244540205
2024-01-16,B,76.76184244540205
2024-01-16,C,63.76184244540205
2024-01-16,D,78.76184244540205
2024-01-17,A,69.15073841311653
2024-01-17,B,77.15073841311653
2024-01-17,C,64.15073841311653
2024-01-17,D,79.15073841311653
2024-01-18,A,69.18375376189714
2024-01-18,B,77.18375376189714
2024-01-18,C,64.18375376189714
2024-01-18,D,79.18375376189714
2024-01-19,A,69.74737436538116
2024-01-19,B,77.74737436538116
2024-01-19,C,64.74737436538116
2024-01-19,D,79.74737436538116
2024-01-22,A,69.98112903650718
2024-01-22,B,77.98112903650718
2024-01-22,C,64.98112903650718
2024-01-22,D,79.98112903650718
2024-01-23,A,69.55148280506556
2024-01-23,B,77.55148280506556
2024-01-23,C,64.55148280506556
2024-01-23,D,79.55148280506556
2024-01-24,A,69.73585819710681
2024-01-24,B,77.73585819710681
2024-01-24,C,64.73585819710681
2024-01-24,D,79.73585819710681
2024-01-25,A,69.25641689669231
2024-01-25,B,77.25641689669231
2024-01-25,C,64.25641689669231
2024-01-25,D,79.25641689669231
2024-01-26,A,69.69564204734594
2024-01-26,B,77.69564204734594
2024-01-26,C,64.69564204734594
2024-01-26,D,79.69564204734594
2024-01-29,A,69.67067909185282
2024-01-29,B,77.67067909185282
2024-01-29,C,64.67067909185282
2024-01-29,D,79.67067909185282
2024-01-30,A,69.5782479100802
2024-01-30,B,77.5782479100802
2024-01-30,C,64.5782479100802
2024-01-30,D,79.5782479100802
2024-01-31,A,69.23778313787822
2024-01-31,B,77.23778313787822
2024-01-31,C,64.23778313787822
2024-01-31,D,79.23778313787822
2024-02-01,A,69.84905380721523
2024-02-01,B,77.84905380721523
2024-02-01,C,64.84905380721523
2024-02-01,D,79.84905380721523
2024-02-02,A,69.77178906618083
2024-02-02,B,77.77178906618083
2024-02-02,C,64.77178906618083
2024-02-02,D,79.77178906618083
2024-02-05,A,69.55762515509927
2024-02-05,B,77.55762515509927
2024-02-05,C,64.55762515509927
2024-02-05,D,79.55762515509927
2024-02-06,A,69.38155837985516
2024-02-06,B,77.38155837985516
2024-02-06,C,64.38155837985516
2024-02-06,D,79.38155837985516
2024-02-07,A,69.64771297263184
2024-02-07,B,77.64771297263184
2024-02-07,C,64.64771297263184
2024-02-07,D,79.64771297263184
2024-02-08,A,69.83043500481388
2024-02-08,B,77.83043500481388
2024-02-08,C,64.83043500481388
2024-02-08,D,79.83043500481388
2024-02-09,A,70.03680131061188
2024-02-09,B,78.03680131061188
2024-02-09,C,65.03680131061188
2024-02-09,D,80.03680131061188
2024-02-12,A,70.25221181211582
2024-02-12,B,78.25221181211582
2024-02-12,C,65.25221181211582
2024-02-12,D,80.25221181211582
2024-02-13,A,71.32303561255104
2024-02-13,B,79.32303561255104
2024-02-13,C,66.32303561255104
2024-02-13,D,81.32303561255104
2024-02-14,A,71.11982810435873
2024-02-14,B,79.11982810435873
2024-02-14,C,66.11982810435873
2024-02-14,D,81.11982810435873
2024-02-15,A,70.86370673982297
2024-02-15,B,78.86370673982297
2024-02-15,C,65.86370673982297
2024-02-15,D,80.86370673982297
2024-02-16,A,70.45682037569902
2024-02-16,B,78.45682037569902
2024-02-16,C,65.45682037569902
2024-02-16,D,80.45682037569902
2024-02-19,A,70.76481008698677
2024-02-19,B,78.76481008698677
2024-02-19,C,65.76481008698677
2024-02-19,D,80.76481008698677
2024-02-20,A,71.32929623334722
2024-02-20,B,79.32929623334722
2024-02-20,C,66.32929623334722
2024-02-20,D,81.32929623334722
2024-02-21,A,71.27232250451979
2024-02-21,B,79.27232250451979
2024-02-21,C,66.27232250451979
2024-02-21,D,81.27232250451979
2024-02-22,A,70.85224426603853
2024-02-22,B,78.85224426603853
2024-02-22,C,65.85224426603853
2024-02-22,D,80.85224426603853
2024-02-23,A,70.44000365819291
2024-02-23,B,78.44000365819291
2024-02-23,C,65.44000365819291
2024-02-23,D,80.44000365819291
2024-02-26,A,70.76530005210525
2024-02-26,B,78.76530005210525
2024-02-26,C,65.76530005210525
2024-02-26,D,80.76530005210525
2024-02-27,A,71.13692713770698
2024-02-27,B,79.13692713770698
2024-02-27,C,66.13692713770698
2024-02-27,D,81.13692713770698
2024-02-28,A,71.40850427185957
2024-02-28,B,79.40850427185957
2024-02-28,C,66.40850427185957
2024-02-28,D,81.40850427185957
2024-02-29,A,71.07574941821522
2024-02-29,B,79.07574941821522
2024-02-29,C,66.07574941821522
2024-02-29,D,81.07574941821522
2024-03-01,A,71.19183007974858
2024-03-01,B,79.19183007974858
2024-03-01,C,66.19183007974858
2024-03-01,D,81.19183007974858
2024-03-04,A,71.25017298431895
2024-03-04,B,79.25017298431895
2024-03-04,C,66.25017298431895
2024-03-04,D,81.25017298431895
2024-03-05,A,71.35951728268346
2024-03-05,B,79.35951728268346
2024-03-05,C,66.35951728268346
2024-03-05,D,81.35951728268346
2024-03-06,A,71.79523167165755
2024-03-06,B,79.79523167165755
2024-03-06,C,66.79523167165755
2024-03-06,D,81.79523167165755
2024-03-07,A,71.90702944604489
2024-03-07,B,79.90702944604489
2024-03-07,C,66.90702944604489
2024-03-07,D,81.90702944604489
2024-03-08,A,72.24648622758083
2024-03-08,B,80.24648622758083
2024-03-08,C,67.24648622758083
2024-03-08,D,82.24648622758083
2024-03-11,A,72.28027576232529
2024-03-11,B,80.28027576232529
2024-03-11,C,67.28027576232529
2024-03-11,D,82.28027576232529
2024-03-12,A,72.42483546167027
2024-03-12,B,80.42483546167027
2024-03-12,C,67.42483546167027
2024-03-12,D,82.42483546167027
2024-03-13,A,72.74047957458954
2024-03-13,B,80.74047957458954
2024-03-13,C,67.74047957458954
2024-03-13,D,82.74047957458954
2024-03-14,A,72.0119016646617
2024-03-14,B,80.0119016646617
2024-03-14,C,67.0119016646617
2024-03-14,D,82.0119016646617
2024-03-15,A,71.85206605648307
2024-03-15,B,79.85206605648307
2024-03-15,C,66.85206605648307
2024-03-15,D,81.85206605648307
2024-03-18,A,71.61687972933666
2024-03-18,B,79.61687972933666
2024-03-18,C,66.61687972933666
2024-03-18,D,81.61687972933666
2024-03-19,A,71.29744080521499
2024-03-19,B,79.29744080521499
2024-03-19,C,66.29744080521499
2024-03-19,D,81.29744080521499
2024-03-20,A,71.15986967960166
2024-03-20,B,79.15986967960166
2024-03-20,C,66.15986967960166
2024-03-20,D,81.15986967960166
2024-03-21,A,71.90734033521885
2024-03-21,B,79.90734033521885
2024-03-21,C,66.90734033521885
2024-03-21,D,81.90734033521885
2024-03-22,A,71.47442477737222
2024-03-22,B,79.47442477737222
2024-03-22,C,66.47442477737222
2024-03-22,D,81.47442477737222
2024-03-25,A,71.95856395466797
2024-03-25,B,79.95856395466797
2024-03-25,C,66.95856395466797
2024-03-25,D,81.95856395466797
2024-03-26,A,71.11712906886007
2024-03-26,B,79.11712906886007
2024-03-26,C,66.11712906886007
2024-03-26,D,81.11712906886007
2024-03-27,A,70.94968655386718
2024-03-27,B,78.94968655386718
2024-03-27,C,65.94968655386718
2024-03-27,D,80.94968655386718
2024-03-28,A,71.03106308641968
2024-03-28,B,79.03106308641968
2024-03-28,C,66.03106308641968
2024-03-28,D,81.03106308641968
2024-03-29,A,71.32417425209933
2024-03-29,B,79.32417425209933
2024-03-29,C,66.32417425209933
2024-03-29,D,81.32417425209933
2024-04-01,A,71.67978754199575
2024-04-01,B,79.67978754199575
2024-04-01,C,66.67978754199575
2024-04-01,D,81.67978754199575
2024-04-02,A,72.07646115959571
2024-04-02,B,80.07646115959571
2024-04-02,C,67.07646115959571
2024-04-02,D,82.07646115959571
2024-04-03,A,71.90209862347149
2024-04-03,B,79.90209862347149
2024-04-03,C,66.90209862347149
2024-04-03,D,81.90209862347149
2024-04-04,A,71.67092272713921
2024-04-04,B,79.67092272713921
2024-04-04,C,66.67092272713921
2024-04-04,D,81.67092272713921
2024-04-05,A,72.09991066776779
2024-04-05,B,80.09991066776779
2024-04-05,C,67.09991066776779
2024-04-05,D,82.09991066776779
2024-04-08,A,72.00425850532697
2024-04-08,B,80.00425850532697
2024-04-08,C,67.00425850532697
2024-04-08,D,82.00425850532697
2024-04-09,A,71.36641534365802
2024-04-09,B,79.36641534365802
2024-04-09,C,66.36641534365802
2024-04-09,D,81.36641534365802
2024-04-10,A,70.79977173665628
2024-04-10,B,78.79977173665628
2024-04-10,C,65.79977173665628
2024-04-10,D,80.79977173665628
2024-04-11,A,70.34004559365547
2024-04-11,B,78.34004559365547
2024-04-11,C,65.34004559365547
2024-04-11,D,80.34004559365547
2024-04-12,A,70.58862596568235
2024-04-12,B,78.58862596568235
2024-04-12,C,65.58862596568235
2024-04-12,D,80.58862596568235
2024-04-15,A,70.65983883371763
2024-04-15,B,78.65983883371763
2024-04-15,C,65.65983883371763
2024-04-15,D,80.65983883371763
2024-04-16,A,71.00508151075152
2024-04-16,B,79.00508151075152
2024-04-16,C,66.00508151075152
2024-04-16,D,81.00508151075152
2024-04-17,A,70.79145518758325
2024-04-17,B,78.79145518758325
2024-04-17,C,65.79145518758325
2024-04-17,D,80.79145518758325
2024-04-18,A,70.8707250331216
2024-04-18,B,78.8707250331216
2024-04-18,C,65.8707250331216
2024-04-18,D,80.8707250331216
2024-04-19,A,71.18352023010527
2024-04-19,B,79.18352023010527
2024-04-19,C,66.18352023010527
2024-04-19,D,81.18352023010527
2024-04-22,A,71.02884696024516
2024-04-22,B,79.02884696024516
2024-04-22,C,66.02884696024516
2024-04-22,D,81.02884696024516
2024-04-23,A,71.25723457902386
2024-04-23,B,79.25723457902386
2024-04-23,C,66.25723457902386
2024-04-23,D,81.25723457902386
2024-04-24,A,70.92627160849054
2024-04-24,B,78.92627160849054
2024-04-24,C,65.92627160849054
2024-04-24,D,80.92627160849054
2024-04-25,A,70.744744685208
2024-04-25,B,78.744744685208
2024-04-25,C,65.744744685208
2024-04-25,D,80.744744685208
2024-04-26,A,70.55387573820883
2024-04-26,B,78.55387573820883
2024-04-26,C,65.55387573820883
2024-04-26,D,80.55387573820883
2024-04-29,A,69.95595591541432
2024-04-29,B,77.95595591541432
2024-04-29,C,64.95595591541432
2024-04-29,D,79.95595591541432
2024-04-30,A,70.1994421558071
2024-04-30,B,78.1994421558071
2024-04-30,C,65.1994421558071
2024-04-30,D,80.1994421558071
2024-05-01,A,69.96474098570575
2024-05-01,B,77.96474098570575
2024-05-01,C,64.96474098570575
2024-05-01,D,79.96474098570575
2024-05-02,A,69.97098804506959
2024-05-02,B,77.97098804506959
2024-05-02,C,64.97098804506959
2024-05-02,D,79.97098804506959
2024-05-03,A,70.21136137452254
2024-05-03,B,78.21136137452254
2024-05-03,C,65.21136137452254
2024-05-03,D,80.21136137452254
2024-05-06,A,70.43462696253752
2024-05-06,B,78.43462696253752
2024-05-06,C,65.43462696253752
2024-05-06,D,80.43462696253752
2024-05-07,A,70.7673195170239
2024-05-07,B,78.7673195170239
2024-05-07,C,65.7673195170239
2024-05-07,D,80.7673195170239
2024-05-08,A,70.7180767747692
2024-05-08,B,78.7180767747692
2024-05-08,C,65.7180767747692
2024-05-08,D,80.7180767747692
2024-05-09,A,70.50642761874713
2024-05-09,B,78.50642761874713
2024-05-09,C,65.50642761874713
2024-05-09,D,80.50642761874713
2024-05-10,A,70.46656851329392
2024-05-10,B,78.46656851329392
2024-05-10,C,65.46656851329392
2024-05-10,D,80.46656851329392
2024-05-13,A,69.62290129631491
2024-05-13,B,77.62290129631491
2024-05-13,C,64.62290129631491
2024-05-13,D,79.62290129631491
2024-05-14,A,68.89934506010336
2024-05-14,B,76.89934506010336
2024-05-14,C,63.89934506010336
2024-05-14,D,78.89934506010336
2024-05-15,A,68.23799525392616
2024-05-15,B,76.23799525392616
2024-05-15,C,63.23799525392616
2024-05-15,D,78.23799525392616
2024-05-16,A,67.73937184012541
2024-05-16,B,75.73937184012541
2024-05-16,C,62.739371840125415
2024-05-16,D,77.73937184012541
2024-05-17,A,67.93925895348714
2024-05-17,B,75.93925895348714
2024-05-17,C,62.93925895348714
2024-05-17,D,77.93925895348714
2024-05-20,A,67.4865194258071
2024-05-20,B,75.4865194258071
2024-05-20,C,62.4865194258071
2024-05-20,D,77.4865194258071
2024-05-21,A,67.2974381487874
2024-05-21,B,75.2974381487874
2024-05-21,C,62.29743814878741
2024-05-21,D,77.2974381487874
2024-05-22,A,67.94705229768044
2024-05-22,B,75.94705229768044
2024-05-22,C,62.94705229768044
2024-05-22,D,77.94705229768044
2024-05-23,A,67.76892031214973
2024-05-23,B,75.76892031214973
2024-05-23,C,62.76892031214973
2024-05-23,D,77.76892031214973
2024-05-24,A,68.13767809638328
2024-05-24,B,76.13767809638328
2024-05-24,C,63.13767809638328
2024-05-24,D,78.13767809638328
2024-05-27,A,67.67086925637834
2024-05-27,B,75.67086925637834
2024-05-27,C,62.67086925637834
2024-05-27,D,77.67086925637834
2024-05-28,A,67.56815047744452
2024-05-28,B,75.56815047744452
2024-05-28,C,62.56815047744452
2024-05-28,D,77.56815047744452
2024-05-29,A,67.09313944998924
2024-05-29,B,75.09313944998924
2024-05-29,C,62.09313944998924
2024-05-29,D,77.09313944998924
2024-05-30,A,66.92362291203895
2024-05-30,B,74.92362291203895
2024-05-30,C,61.92362291203895
2024-05-30,D,76.92362291203895
2024-05-31,A,67.34377698076764
2024-05-31,B,75.34377698076764
2024-05-31,C,62.34377698076764
2024-05-31,D,77.34377698076764
2024-06-03,A,66.48011676917147
2024-06-03,B,74.48011676917147
2024-06-03,C,61.480116769171474
2024-06-03,D,76.48011676917147
2024-06-04,A,66.69732859094441
2024-06-04,B,74.69732859094441
2024-06-04,C,61.69732859094441
2024-06-04,D,76.69732859094441
2024-06-05,A,66.81619639211054
2024-06-05,B,74.81619639211054
2024-06-05,C,61.81619639211054
2024-06-05,D,76.81619639211054
2024-06-06,A,66.51912141426214
2024-06-06,B,74.51912141426214
2024-06-06,C,61.519121414262145
2024-06-06,D,76.51912141426214
2024-06-07,A,65.79609248706792
2024-06-07,B,73.79609248706792
2024-06-07,C,60.796092487067924
2024-06-07,D,75.79609248706792
2024-06-10,A,65.83215724092486
2024-06-10,B,73.83215724092486
2024-06-10,C,60.83215724092486
2024-06-10,D,75.83215724092486
2024-06-11,A,65.56741088639295
2024-06-11,B,73.56741088639295
2024-06-11,C,60.56741088639295
2024-06-11,D,75.56741088639295
2024-06-12,A,65.6837489920703
2024-06-12,B,73.6837489920703
2024-06-12,C,60.683748992070306
2024-06-12,D,75.6837489920703
2024-06-13,A,65.69467506483203
2024-06-13,B,73.69467506483203
2024-06-13,C,60.694675064832026
2024-06-13,D,75.69467506483203
2024-06-14,A,66.49556451049249
2024-06-14,B,74.49556451049249
2024-06-14,C,61.495564510492486
2024-06-14,D,76.49556451049249
2024-06-17,A,66.37588669675597
2024-06-17,B,74.37588669675597
2024-06-17,C,61.37588669675597
2024-06-17,D,76.37588669675597
2024-06-18,A,65.86413795044504
2024-06-18,B,73.86413795044504
2024-06-18,C,60.86413795044504
2024-06-18,D,75.86413795044504
2024-06-19,A,65.95377576792319
2024-06-19,B,73.95377576792319
2024-06-19,C,60.95377576792319
2024-06-19,D,75.95377576792319
2024-06-20,A,66.06377410990908
2024-06-20,B,74.06377410990908
2024-06-20,C,61.063774109909076
2024-06-20,D,76.06377410990908
2024-06-21,A,66.7433678975293
2024-06-21,B,74.7433678975293
2024-06-21,C,61.743367897529296
2024-06-21,D,76.7433678975293
2024-06-24,A,67.16092352048659
2024-06-24,B,75.16092352048659
2024-06-24,C,62.16092352048659
2024-06-24,D,77.16092352048659
2024-06-25,A,67.33935905006135
2024-06-25,B,75.33935905006135
2024-06-25,C,62.33935905006135
2024-06-25,D,77.33935905006135
2024-06-26,A,68.07101049567112
2024-06-26,B,76.07101049567112
2024-06-26,C,63.07101049567112
2024-06-26,D,78.07101049567112
2024-06-27,A,67.4766289685097
2024-06-27,B,75.4766289685097
2024-06-27,C,62.4766289685097
2024-06-27,D,77.4766289685097
2024-06-28,A,67.15675320213482
2024-06-28,B,75.15675320213482
2024-06-28,C,62.15675320213482
2024-06-28,D,77.15675320213482
2024-07-01,A,66.69346523143206
2024-07-01,B,74.69346523143206
2024-07-01,C,61.69346523143206
2024-07-01,D,76.69346523143206
2024-07-02,A,66.49856032985417
2024-07-02,B,74.49856032985417
2024-07-02,C,61.49856032985417
2024-07-02,D,76.49856032985417
2024-07-03,A,65.81021725607602
2024-07-03,B,73.81021725607602
2024-07-03,C,60.810217256076015
2024-07-03,D,75.81021725607602
2024-07-04,A,66.12779272948322
2024-07-04,B,74.12779272948322
2024-07-04,C,61.12779272948322
2024-07-04,D,76.12779272948322
2024-07-05,A,66.01668138093383
2024-07-05,B,74.01668138093383
2024-07-05,C,61.01668138093383
2024-07-05,D,76.01668138093383
2024-07-08,A,65.28127823368251
2024-07-08,B,73.28127823368251
2024-07-08,C,60.281278233682514
2024-07-08,D,75.28127823368251
2024-07-09,A,64.77348869307873
2024-07-09,B,72.77348869307873
2024-07-09,C,59.77348869307873
2024-07-09,D,74.77348869307873
2024-07-10,A,64.93024561680383
2024-07-10,B,72.93024561680383
2024-07-10,C,59.93024561680383
2024-07-10,D,74.93024561680383
2024-07-11,A,65.34930890075103
2024-07-11,B,73.34930890075103
2024-07-11,C,60.349308900751026
2024-07-11,D,75.34930890075103
2024-07-12,A,66.34767434659692
2024-07-12,B,74.34767434659692
2024-07-12,C,61.34767434659692
2024-07-12,D,76.34767434659692
2024-07-15,A,67.80460557960058
2024-07-15,B,75.80460557960058
2024-07-15,C,62.804605579600576
2024-07-15,D,77.80460557960058
2024-07-16,A,68.01181029623858
2024-07-16,B,76.01181029623858
2024-07-16,C,63.01181029623858
2024-07-16,D,78.01181029623858
2024-07-17,A,67.51704123622265
2024-07-17,B,75.51704123622265
2024-07-17,C,62.51704123622265
2024-07-17,D,77.51704123622265
2024-07-18,A,66.451018095857
2024-07-18,B,74.451018095857
2024-07-18,C,61.451018095856995
2024-07-18,D,76.451018095857
2024-07-19,A,66.58487382702891
2024-07-19,B,74.58487382702891
2024-07-19,C,61.584873827028915
2024-07-19,D,76.58487382702891
2024-07-22,A,66.17840327937375
2024-07-22,B,74.17840327937375
2024-07-22,C,61.178403279373754
2024-07-22,D,76.17840327937375
2024-07-23,A,65.97072464928391
2024-07-23,B,73.97072464928391
2024-07-23,C,60.97072464928391
2024-07-23,D,75.97072464928391
2024-07-24,A,65.664676249754
2024-07-24,B,73.664676249754
2024-07-24,C,60.664676249753995
2024-07-24,D,75.664676249754
2024-07-25,A,65.59428080654581
2024-07-25,B,73.59428080654581
2024-07-25,C,60.59428080654581
2024-07-25,D,75.59428080654581
2024-07-26,A,66.12727092193963
2024-07-26,B,74.12727092193963
2024-07-26,C,61.127270921939626
2024-07-26,D,76.12727092193963
2024-07-29,A,66.2057952056623
2024-07-29,B,74.2057952056623
2024-07-29,C,61.2057952056623
2024-07-29,D,76.2057952056623
2024-07-30,A,66.12647778714296
2024-07-30,B,74.12647778714296
2024-07-30,C,61.12647778714296
2024-07-30,D,76.12647778714296
2024-07-31,A,65.60865091073005
2024-07-31,B,73.60865091073005
2024-07-31,C,60.60865091073005
2024-07-31,D,75.60865091073005
2024-08-01,A,64.77130943837787
2024-08-01,B,72.77130943837787
2024-08-01,C,59.77130943837787
2024-08-01,D,74.77130943837787
2024-08-02,A,64.5281554838412
2024-08-02,B,72.5281554838412
2024-08-02,C,59.5281554838412
2024-08-02,D,74.5281554838412
2024-08-05,A,64.50126420843205
2024-08-05,B,72.50126420843205
2024-08-05,C,59.50126420843205
2024-08-05,D,74.50126420843205
2024-08-06,A,65.38522916522199
2024-08-06,B,73.38522916522199
2024-08-06,C,60.385229165221986
2024-08-06,D,75.38522916522199
2024-08-07,A,65.45036642595844
2024-08-07,B,73.45036642595844
2024-08-07,C,60.450366425958435
2024-08-07,D,75.45036642595844
2024-08-08,A,65.94173618146996
2024-08-08,B,73.94173618146996
2024-08-08,C,60.94173618146996
2024-08-08,D,75.94173618146996
2024-08-09,A,65.69208838220038
2024-08-09,B,73.69208838220038
2024-08-09,C,60.69208838220038
2024-08-09,D,75.69208838220038
2024-08-12,A,65.09961649899188
2024-08-12,B,73.09961649899188
2024-08-12,C,60.09961649899188
2024-08-12,D,75.09961649899188
2024-08-13,A,64.61705811787569
2024-08-13,B,72.61705811787569
2024-08-13,C,59.617058117875686
2024-08-13,D,74.61705811787569
2024-08-14,A,64.25444508560781
2024-08-14,B,72.25444508560781
2024-08-14,C,59.25444508560781
2024-08-14,D,74.25444508560781
2024-08-15,A,65.31867995182539
2024-08-15,B,73.31867995182539
2024-08-15,C,60.31867995182539
2024-08-15,D,75.31867995182539
2024-08-16,A,64.90798661221321
2024-08-16,B,72.90798661221321
2024-08-16,C,59.90798661221321
2024-08-16,D,74.90798661221321
2024-08-19,A,65.32723121408138
2024-08-19,B,73.32723121408138
2024-08-19,C,60.32723121408138
2024-08-19,D,75.32723121408138
2024-08-20,A,64.87576762503787
2024-08-20,B,72.87576762503787
2024-08-20,C,59.87576762503787
2024-08-20,D,74.87576762503787
2024-08-21,A,65.34155413147498
2024-08-21,B,73.34155413147498
2024-08-21,C,60.34155413147498
2024-08-21,D,75.34155413147498
2024-08-22,A,65.53402961452791
2024-08-22,B,73.53402961452791
2024-08-22,C,60.53402961452791
2024-08-22,D,75.53402961452791
2024-08-23,A,65.45571066569887
2024-08-23,B,73.45571066569887
2024-08-23,C,60.455710665698874
2024-08-23,D,75.45571066569887
2024-08-26,A,65.43532940263115
2024-08-26,B,73.43532940263115
2024-08-26,C,60.435329402631154
2024-08-26,D,75.43532940263115
2024-08-27,A,65.10793555491645
2024-08-27,B,73.10793555491645
2024-08-27,C,60.10793555491645
2024-08-27,D,75.10793555491645
2024-08-28,A,65.33097165565749
2024-08-28,B,73.33097165565749
2024-08-28,C,60.33097165565749
2024-08-28,D,75.33097165565749
2024-08-29,A,65.1034799154871
2024-08-29,B,73.1034799154871
2024-08-29,C,60.1034799154871
2024-08-29,D,75.1034799154871
2024-08-30,A,64.49067703360348
2024-08-30,B,72.49067703360348
2024-08-30,C,59.490677033603475
2024-08-30,D,74.49067703360348
2024-09-02,A,63.85170824644367
2024-09-02,B,71.85170824644368
2024-09-02,C,58.85170824644367
2024-09-02,D,73.85170824644368
2024-09-03,A,63.938002205304734
2024-09-03,B,71.93800220530474
2024-09-03,C,58.938002205304734
2024-09-03,D,73.93800220530474
2024-09-04,A,64.72754783350995
2024-09-04,B,72.72754783350995
2024-09-04,C,59.727547833509945
2024-09-04,D,74.72754783350995
2024-09-05,A,64.80754364029667
2024-09-05,B,72.80754364029667
2024-09-05,C,59.80754364029667
2024-09-05,D,74.80754364029667
2024-09-06,A,64.74822447724172
2024-09-06,B,72.74822447724172
2024-09-06,C,59.74822447724172
2024-09-06,D,74.74822447724172
2024-09-09,A,64.891137547043
2024-09-09,B,72.891137547043
2024-09-09,C,59.891137547043
2024-09-09,D,74.891137547043
2024-09-10,A,65.5441384178964
2024-09-10,B,73.5441384178964
2024-09-10,C,60.544138417896406
2024-09-10,D,75.5441384178964
2024-09-11,A,65.65382966857834
2024-09-11,B,73.65382966857834
2024-09-11,C,60.65382966857834
2024-09-11,D,75.65382966857834
2024-09-12,A,65.44836605316146
2024-09-12,B,73.44836605316146
2024-09-12,C,60.448366053161465
2024-09-12,D,75.44836605316146
2024-09-13,A,66.00151040819142
2024-09-13,B,74.00151040819142
2024-09-13,C,61.00151040819142
2024-09-13,D,76.00151040819142
2024-09-16,A,66.21588862742222
2024-09-16,B,74.21588862742222
2024-09-16,C,61.21588862742222
2024-09-16,D,76.21588862742222
2024-09-17,A,66.98376662342022
2024-09-17,B,74.98376662342022
2024-09-17,C,61.98376662342022
2024-09-17,D,76.98376662342022
2024-09-18,A,67.07538384203117
2024-09-18,B,75.07538384203117
2024-09-18,C,62.07538384203117
2024-09-18,D,77.07538384203117
2024-09-19,A,66.46314932617092
2024-09-19,B,74.46314932617092
2024-09-19,C,61.46314932617092
2024-09-19,D,76.46314932617092
2024-09-20,A,65.77906972654809
2024-09-20,B,73.77906972654809
2024-09-20,C,60.77906972654809
2024-09-20,D,75.77906972654809
2024-09-23,A,66.60453369266371
2024-09-23,B,74.60453369266371
2024-09-23,C,61.60453369266371
2024-09-23,D,76.60453369266371
2024-09-24,A,67.46636655305537
2024-09-24,B,75.46636655305537
2024-09-24,C,62.466366553055366
2024-09-24,D,77.46636655305537
2024-09-25,A,67.37660694641406
2024-09-25,B,75.37660694641406
2024-09-25,C,62.37660694641406
2024-09-25,D,77.37660694641406
2024-09-26,A,67.18501328584607
2024-09-26,B,75.18501328584607
2024-09-26,C,62.18501328584607
2024-09-26,D,77.18501328584607
2024-09-27,A,67.91573543196716
2024-09-27,B,75.91573543196716
2024-09-27,C,62.915735431967164
2024-09-27,D,77.91573543196716
2024-09-30,A,67.36221259094542
2024-09-30,B,75.36221259094542
2024-09-30,C,62.36221259094542
2024-09-30,D,77.36221259094542
2024-10-01,A,66.91484908146751
2024-10-01,B,74.91484908146751
2024-10-01,C,61.91484908146751
2024-10-01,D,76.91484908146751
2024-10-02,A,67.23651247881203
2024-10-02,B,75.23651247881203
2024-10-02,C,62.23651247881203
2024-10-02,D,77.23651247881203
2024-10-03,A,67.03920991738224
2024-10-03,B,75.03920991738224
2024-10-03,C,62.03920991738224
2024-10-03,D,77.03920991738224
2024-10-04,A,67.03664898402221
2024-10-04,B,75.03664898402221
2024-10-04,C,62.03664898402221
2024-10-04,D,77.03664898402221
2024-10-07,A,66.95492753475995
2024-10-07,B,74.95492753475995
2024-10-07,C,61.954927534759946
2024-10-07,D,76.95492753475995
2024-10-08,A,67.12371480915941
2024-10-08,B,75.12371480915941
2024-10-08,C,62.12371480915941
2024-10-08,D,77.12371480915941
2024-10-09,A,67.82745573981627
2024-10-09,B,75.82745573981627
2024-10-09,C,62.82745573981627
2024-10-09,D,77.82745573981627
2024-10-10,A,67.87274819326714
2024-10-10,B,75.87274819326714
2024-10-10,C,62.87274819326714
2024-10-10,D,77.87274819326714
2024-10-11,A,68.19471758990558
2024-10-11,B,76.19471758990558
2024-10-11,C,63.19471758990558
2024-10-11,D,78.19471758990558
2024-10-14,A,67.16963153939007
2024-10-14,B,75.16963153939007
2024-10-14,C,62.16963153939007
2024-10-14,D,77.16963153939007
2024-10-15,A,67.145272338425
2024-10-15,B,75.145272338425
2024-10-15,C,62.145272338425
2024-10-15,D,77.145272338425
2024-10-16,A,66.72365720327856
2024-10-16,B,74.72365720327856
2024-10-16,C,61.72365720327856
2024-10-16,D,76.72365720327856
2024-10-17,A,66.11425067306675
2024-10-17,B,74.11425067306675
2024-10-17,C,61.11425067306675
2024-10-17,D,76.11425067306675
2024-10-18,A,65.67517448960238
2024-10-18,B,73.67517448960238
2024-10-18,C,60.675174489602384
2024-10-18,D,75.67517448960238
2024-10-21,A,65.50811276925197
2024-10-21,B,73.50811276925197
2024-10-21,C,60.508112769251966
2024-10-21,D,75.50811276925197
2024-10-22,A,65.96606404042998
2024-10-22,B,73.96606404042998
2024-10-22,C,60.966064040429984
2024-10-22,D,75.96606404042998
2024-10-23,A,65.3028676815602
2024-10-23,B,73.3028676815602
2024-10-23,C,60.3028676815602
2024-10-23,D,75.3028676815602
2024-10-24,A,65.3181834278574
2024-10-24,B,73.3181834278574
2024-10-24,C,60.318183427857406
2024-10-24,D,75.3181834278574
2024-10-25,A,65.07609871119061
2024-10-25,B,73.07609871119061
2024-10-25,C,60.07609871119061
2024-10-25,D,75.07609871119061
2024-10-28,A,64.91226216400963
2024-10-28,B,72.91226216400963
2024-10-28,C,59.91226216400963
2024-10-28,D,74.91226216400963
2024-10-29,A,65.41364107666193
2024-10-29,B,73.41364107666193
2024-10-29,C,60.41364107666193
2024-10-29,D,75.41364107666193
2024-10-30,A,65.6826987951639
2024-10-30,B,73.6826987951639
2024-10-30,C,60.6826987951639
2024-10-30,D,75.6826987951639
2024-10-31,A,66.35139784888527
2024-10-31,B,74.35139784888527
2024-10-31,C,61.35139784888527
2024-10-31,D,76.35139784888527
2024-11-01,A,66.27414500926032
2024-11-01,B,74.27414500926032
2024-11-01,C,61.27414500926032
2024-11-01,D,76.27414500926032
2024-11-04,A,65.92617370342498
2024-11-04,B,73.92617370342498
2024-11-04,C,60.92617370342498
2024-11-04,D,75.92617370342498
2024-11-05,A,65.81424429498472
2024-11-05,B,73.81424429498472
2024-11-05,C,60.81424429498472
2024-11-05,D,75.81424429498472
2024-11-06,A,65.93549269062034
2024-11-06,B,73.93549269062034
2024-11-06,C,60.935492690620336
2024-11-06,D,75.93549269062034
2024-11-07,A,66.02377936984719
2024-11-07,B,74.02377936984719
2024-11-07,C,61.02377936984719
2024-11-07,D,76.02377936984719
2024-11-08,A,65.48158533373051
2024-11-08,B,73.48158533373051
2024-11-08,C,60.48158533373051
2024-11-08,D,75.48158533373051
2024-11-11,A,65.52683022454444
2024-11-11,B,73.52683022454444
2024-11-11,C,60.52683022454444
2024-11-11,D,75.52683022454444
2024-11-12,A,65.64094438961389
2024-11-12,B,73.64094438961389
2024-11-12,C,60.64094438961389
2024-11-12,D,75.64094438961389
2024-11-13,A,66.89968140838086
2024-11-13,B,74.89968140838086
2024-11-13,C,61.89968140838086
2024-11-13,D,76.89968140838086
2024-11-14,A,67.83810371402168
2024-11-14,B,75.83810371402168
2024-11-14,C,62.838103714021685
2024-11-14,D,77.83810371402168
2024-11-15,A,67.41148203874228
2024-11-15,B,75.41148203874228
2024-11-15,C,62.41148203874228
2024-11-15,D,77.41148203874228
2024-11-18,A,67.2677903579677
2024-11-18,B,75.2677903579677
2024-11-18,C,62.2677903579677
2024-11-18,D,77.2677903579677
2024-11-19,A,66.53606935704919
2024-11-19,B,74.53606935704919
2024-11-19,C,61.536069357049186
2024-11-19,D,76.53606935704919
2024-11-20,A,66.24071585006745
2024-11-20,B,74.24071585006745
2024-11-20,C,61.240715850067446
2024-11-20,D,76.24071585006745
2024-11-21,A,66.39851835186262
2024-11-21,B,74.39851835186262
2024-11-21,C,61.39851835186262
2024-11-21,D,76.39851835186262
2024-11-22,A,67.00144516230674
2024-11-22,B,75.00144516230674
2024-11-22,C,62.00144516230674
2024-11-22,D,77.00144516230674
2024-11-25,A,66.63690324343493
2024-11-25,B,74.63690324343493
2024-11-25,C,61.63690324343493
2024-11-25,D,76.63690324343493
2024-11-26,A,66.30983002340103
2024-11-26,B,74.30983002340103
2024-11-26,C,61.309830023401034
2024-11-26,D,76.30983002340103
2024-11-27,A,65.2361855085317
2024-11-27,B,73.2361855085317
2024-11-27,C,60.236185508531705
2024-11-27,D,75.2361855085317
2024-11-28,A,65.15485254825924
2024-11-28,B,73.15485254825924
2024-11-28,C,60.15485254825924
2024-11-28,D,75.15485254825924
2024-11-29,A,64.62364534232947
2024-11-29,B,72.62364534232947
2024-11-29,C,59.62364534232947
2024-11-29,D,74.62364534232947
2024-12-02,A,64.35892562864643
2024-12-02,B,72.35892562864643
2024-12-02,C,59.35892562864643
2024-12-02,D,74.35892562864643
2024-12-03,A,63.92049523956264
2024-12-03,B,71.92049523956264
2024-12-03,C,58.92049523956264
2024-12-03,D,73.92049523956264
2024-12-04,A,63.87336396243636
2024-12-04,B,71.87336396243636
2024-12-04,C,58.87336396243636
2024-12-04,D,73.87336396243636
2024-12-05,A,62.99449976675804
2024-12-05,B,70.99449976675804
2024-12-05,C,57.99449976675804
2024-12-05,D,72.99449976675804
2024-12-06,A,62.26097714406255
2024-12-06,B,70.26097714406255
2024-12-06,C,57.26097714406255
2024-12-06,D,72.26097714406255
2024-12-09,A,63.3256007000767
2024-12-09,B,71.3256007000767
2024-12-09,C,58.3256007000767
2024-12-09,D,73.3256007000767
2024-12-10,A,62.681889409439684
2024-12-10,B,70.68188940943969
2024-12-10,C,57.681889409439684
2024-12-10,D,72.68188940943969
2024-12-11,A,62.13349662021236
2024-12-11,B,70.13349662021236
2024-12-11,C,57.13349662021236
2024-12-11,D,72.13349662021236
2024-12-12,A,63.05195338437302
2024-12-12,B,71.05195338437302
2024-12-12,C,58.05195338437302
2024-12-12,D,73.05195338437302
2024-12-13,A,64.50448696899322
2024-12-13,B,72.50448696899322
2024-12-13,C,59.50448696899322
2024-12-13,D,74.50448696899322
2024-12-16,A,63.918703654580554
2024-12-16,B,71.91870365458055
2024-12-16,C,58.918703654580554
2024-12-16,D,73.91870365458055
2024-12-17,A,63.734579176186536
2024-12-17,B,71.73457917618654
2024-12-17,C,58.734579176186536
2024-12-17,D,73.73457917618654
2024-12-18,A,63.90535695165679
2024-12-18,B,71.90535695165678
2024-12-18,C,58.90535695165679
2024-12-18,D,73.90535695165678
2024-12-19,A,64.76970577385958
2024-12-19,B,72.76970577385958
2024-12-19,C,59.769705773859584
2024-12-19,D,74.76970577385958
2024-12-20,A,64.27627723464546
2024-12-20,B,72.27627723464546
2024-12-20,C,59.27627723464546
2024-12-20,D,74.27627723464546
2024-12-23,A,64.15363831167441
2024-12-23,B,72.15363831167441
2024-12-23,C,59.15363831167441
2024-12-23,D,74.15363831167441
2024-12-24,A,64.54230709970528
2024-12-24,B,72.54230709970528
2024-12-24,C,59.54230709970528
2024-12-24,D,74.54230709970528
2024-12-25,A,64.75969013693859
2024-12-25,B,72.75969013693859
2024-12-25,C,59.75969013693859
2024-12-25,D,74.75969013693859
2024-12-26,A,64.57161210132355
2024-12-26,B,72.57161210132355
2024-12-26,C,59.57161210132355
2024-12-26,D,74.57161210132355
2024-12-27,A,64.50470061906553
2024-12-27,B,72.50470061906553
2024-12-27,C,59.50470061906553
2024-12-27,D,74.50470061906553
2024-12-30,A,63.81725271488053
2024-12-30,B,71.81725271488054
2024-12-30,C,58.81725271488053
2024-12-30,D,73.81725271488054
