,unhedged_producer_proxy,collar,three_way
2024-10-17,-20333.576450202883,-7599.734542151547,-10614.340162877765
2024-10-18,-150041.2352688759,-57341.009953310226,-83631.06959229105
2024-10-21,85296.37773109507,32651.608389330017,47694.75259192652
2024-10-22,183759.6894746234,69877.67472664872,101089.61516363945
2024-10-23,2324.2026143190487,1057.4937706969936,1981.3938838414426
2024-10-24,70833.04790740783,27157.687051033943,39773.11999751571
2024-10-25,-87604.51121993747,-33363.953796394664,-48291.315316130276
2024-10-28,-76986.96975273798,-29292.122288701885,-42316.984735164944
2024-10-29,-61352.4139379102,-23299.71334060437,-33538.4756826715
2024-10-30,-160755.1558720882,-61460.02244026495,-89730.6484637098
2024-10-31,-38151.342422366244,-14415.40859850239,-20553.000513611158
2024-11-01,216889.22954580042,82326.75947797333,118843.5039264874
2024-11-04,63532.65086761937,24382.343627180973,35767.099856893
2024-11-05,-106760.4087938964,-40714.674385955535,-59096.09971323189
2024-11-06,5823.648959500005,2393.54705205157,3922.504794589132
2024-11-07,60133.13385688121,23089.462477889458,33899.92168538192
2024-11-08,-43635.6555181586,-16514.568470105438,-23618.044754079754
2024-11-11,73998.05842553597,28360.438493792728,41508.313551501444
2024-11-12,-85806.86274301606,-32674.427090401052,-47279.08013413951
2024-11-13,2555.116323669182,1145.6630769472117,2109.514913953014
2024-11-14,41906.985361326224,16152.441996331347,23870.573298720174
2024-11-15,-43699.810574411655,-16539.127763991153,-23653.91585906837
2024-11-18,202772.59544525316,77027.20214145926,111291.64092899323
2024-11-19,121119.22598221625,46231.914321845165,67229.00273631589
2024-11-20,-32549.412164752313,-12271.848215535108,-17425.09790338169
2024-11-21,193310.1829399451,73470.67580701414,106218.6771789703
2024-11-22,-3599.9399796846633,-1204.9292005559932,-1307.2840044093373
2024-11-25,40124.53940138379,15473.552712274242,22888.056012645677
2024-11-26,136014.87772584378,51866.85263399569,75315.33561082628
2024-11-27,-106182.93696807441,-40493.001504677915,-58769.89095733284
2024-11-28,-104640.7370768609,-39901.02371375177,-57898.86451042494
2024-11-29,164478.22549918137,62613.6992178902,90707.4654320121
2024-12-02,-66854.63241065647,-25408.117517851053,-36625.306998981425
2024-12-03,-103233.71488050377,-39360.96392538161,-57104.3745491048
2024-12-04,-32451.75512015557,-12234.485691719588,-17370.595752340945
2024-12-05,-133068.24393629172,-50818.13498384353,-73989.26059281998
2024-12-06,205587.84737690628,78084.68836540621,112799.2541028472
2024-12-09,16317.776199931799,6398.363243274251,9736.6241280725
2024-12-10,87526.17254781292,33498.05590620564,48914.24731011411
2024-12-11,16113.60335206058,6320.471091483171,9623.603616847975
2024-12-12,16278.002115950585,6383.189468625971,9714.60736773737
2024-12-13,-78795.93789560531,-29985.732311997243,-43334.13430275147
2024-12-16,68821.54350914505,26393.13692435348,38669.83247622251
2024-12-17,96157.9650561653,36773.35235192367,53630.574063488384
2024-12-18,-207445.23393793308,-79421.27029504013,-116431.73527978934
2024-12-19,91342.12637153034,34946.27878092804,51000.12514649088
2024-12-20,133696.33046137466,50990.23765329478,74058.08250022857
2024-12-23,-48820.499975453655,-18499.642974689574,-26518.280744670614
2024-12-24,86328.21895371308,33043.32167216688,48259.13477121429
2024-12-25,-94055.7833323652,-35838.89381200538,-51926.38384464751
2024-12-26,-98901.99085683165,-37698.49102533049,-54659.55268822682
2024-12-27,29768.706207067196,11527.645301973344,17173.799685225546
2024-12-30,-3997.6426722823535,-1356.8401106488268,-1528.1787323415006
2024-12-31,35731.05407828834,13799.829966395595,20465.00495550414
2025-01-01,157885.36860920387,60126.92489310186,87149.23148043912
2025-01-02,-87317.99506559099,-33254.05094220151,-48129.96157163124
2025-01-03,-55383.572172836895,-21013.11916665951,-30193.01226349904
2025-01-06,-20002.062244738994,-7472.986152029027,-10429.702570254216
2025-01-07,100987.69965306218,38604.99144873689,56266.384730358885
2025-01-08,45606.02915857857,17561.048891461527,25908.59728911341
2025-01-09,-48199.72205229846,-18261.944162378586,-26170.90658543775
2025-01-10,95387.29484869179,36481.01603793833,53209.776995390195
2025-01-13,-54721.26737012388,-20759.43812909484,-29822.00077468444
2025-01-14,-41661.86696074234,-15759.018732561579,-22514.62361343632
2025-01-15,-157538.489054442,-60223.243525312275,-87898.2741592236
2025-01-16,31109.280450456823,12038.602335490543,17914.08612522396
2025-01-17,-25929.715825260046,-9739.667960907682,-13732.664550105645
2025-01-20,-33255.516180762614,-12542.001712244446,-17819.19908712233
2025-01-21,17215.001464291647,6740.643599737785,10233.239572805709
2025-01-22,-24427.821782302315,-9165.286934735615,-12895.481749437777
2025-01-23,92265.1948260139,35296.534397292635,51504.484146745366
2025-01-24,-62301.7506607134,-23663.452767527597,-34070.86976261074
2025-01-27,23747.06344630937,9231.95013464282,13846.466279187975
2025-01-28,123193.56588084248,47017.05763608097,68356.37108904406
2025-01-29,102117.97392336947,39033.53609771395,56882.905446532845
2025-01-30,100714.53828745832,38501.41615202523,56117.3674555128
2025-01-31,-36113.016424594236,-13635.37672488313,-19414.541131718455
2025-02-03,-156161.8458551038,-59693.96709351262,-87114.35307085862
2025-02-04,-37482.554561391626,-14159.465975920464,-20179.422264149864
2025-02-05,-95647.18400676498,-36449.510593069106,-52823.66732393803
2025-02-06,-182421.33453632297,-69792.83616669595,-102096.921980092
2025-02-07,168568.36303587706,64155.70034381465,92912.83324563969
2025-02-10,11226.474521817665,4455.726056013233,6917.151257379241
2025-02-11,108762.41578782952,41551.98504377778,60504.714978451695
2025-02-12,13448.359044716086,5303.585103685784,8147.890608513243
2025-02-13,-30983.93829777706,-11672.93838176806,-16551.517408932305
2025-02-14,-74346.12855140798,-28279.646465978778,-40832.62685898512
2025-02-17,-75312.4049375522,-28650.094944469638,-41375.675051258964
2025-02-18,-119591.17618720824,-45641.17751191942,-66351.9034265716
2025-02-19,140221.28230141746,53456.78785496727,77594.97124299817
2025-02-20,158306.61180830887,60285.859876066184,87376.70702475481
2025-02-21,86127.020688253,32966.94414314785,48149.094113519604
2025-02-24,157104.04031499862,59832.11356659764,86727.2608025759
2025-02-25,-10806.240517726452,-3958.0793390289864,-5312.1459602056175
2025-02-26,-15239.340921510091,-5652.307711886671,-7778.222774791409
2025-02-27,-177299.35680009704,-67822.57657848514,-99169.69490618783
2025-02-28,-147589.608761583,-56398.63393151732,-82236.77603941728
2025-03-03,137613.18641626302,52471.05020343932,76181.7306932566
2025-03-04,128546.87640386543,49042.657011776115,71263.88973298599
2025-03-05,-56078.265639965255,-21279.214669250694,-30582.21075899928
2025-03-06,-6013.442538839798,-2126.8723271150598,-2648.0350942467594
2025-03-07,-46910.96402112862,-17768.49609704882,-25449.858559986114
2025-03-10,188867.44593171158,71799.68659092832,103833.82765558866
2025-03-11,166012.87194928603,63192.337360052436,91535.12450659367
2025-03-12,-39092.90908057841,-14775.757737918793,-21079.020474244146
2025-03-13,-165792.4895814176,-63397.024058535804,-92602.02974474552
2025-03-14,-135094.36658522347,-51596.62200206406,-75138.86991840118
2025-03-17,-42073.07819970581,-15916.42067037405,-22744.47626306622
2025-03-18,84074.60228490393,32187.75057572976,47026.351462871695
2025-03-19,72935.56299067134,27956.7062318983,40925.91456889815
2025-03-20,-31770.241213333604,-11973.751292473888,-16990.26917245274
2025-03-21,-218755.20350495775,-83774.12661350377,-122928.81510692056
2025-03-24,-116073.18913990454,-44290.19002064551,-64360.993271731495
2025-03-25,-202613.5669070321,-77561.90059889577,-113659.60721195675
2025-03-26,242529.34474045417,91932.54384181958,132509.87050190737
2025-03-27,-101517.65009279821,-38702.32244947585,-56135.62440092985
2025-03-28,150144.71277324014,57205.28575229561,82966.13680308414
2025-03-31,-5702.317759023145,-2008.0171892074886,-2475.168248046366
2025-04-01,-53386.5940156133,-20248.246090428478,-29074.463129476564
2025-04-02,127222.35226005907,48541.56688109401,70544.76412016852
2025-04-03,-57435.09153982842,-21798.959109022584,-31342.49385457284
2025-04-04,58212.63713259697,22358.930793366617,32844.607933336054
2025-04-07,-1895.137923056467,-553.7849444084752,-360.5586673291141
2025-04-08,34631.801337510384,13380.985385192771,19858.471328176332
2025-04-09,106894.59747017195,40844.16259705498,59487.01622559892
2025-04-10,-136101.9814113277,-51983.79065569005,-75710.72228315647
2025-04-11,-93187.45506013642,-35505.73447379321,-51436.8895675562
2025-04-14,27097.878595414215,10509.529510293492,15698.421802643159
2025-04-15,70908.32616590319,27186.297236447164,39814.40180678401
2025-04-16,100411.02421593777,38386.3292587181,55951.78353750333
2025-04-17,-56001.36181575977,-21249.756977269077,-30539.12359167391
2025-04-18,-31455.384634430317,-11853.296292046522,-16814.574425938343
2025-04-21,-11426.316176960683,-4195.03190469741,-5656.9759266490655
2025-04-22,13399.311195316699,5284.869989820119,8120.727173135325
2025-04-23,-24790.596519189734,-9304.021365767223,-13097.67973138034
2025-04-24,20988.177167524926,8179.848303865137,12320.870317482502
2025-04-25,188464.79553001033,71648.20690584116,103617.59067020932
2025-04-28,-43857.35613146764,-16599.438356063787,-23742.006137990466
2025-04-29,-81583.01175669464,-31054.481587448277,-44901.84153211191
2025-04-30,-43797.242700852476,-16576.426056441822,-23708.39394592243
2025-05-01,-4403.697562383968,-1511.9450182244695,-1753.7277326750145
2025-05-02,140195.64633231808,53447.09976990852,77581.08316085684
2025-05-05,59385.25669212069,22804.991940679953,33489.00445469305
2025-05-06,225439.4602303968,85532.88651340407,123408.0346156183
2025-05-07,-89938.03999338041,-34259.10482384356,-49605.73914086762
2025-05-08,59134.728847650564,22709.69504411267,33351.34136820747
2025-05-09,37631.4984269861,14523.876323799948,21513.342503769352
2025-05-12,-30200.056063159762,-11373.064154874688,-16114.173449322285
2025-05-13,-30632.24686264334,-11538.39722828258,-16355.294501920347
2025-05-14,-11057.441807631818,-4054.0711010055293,-5451.837065873976
2025-05-15,-34406.564746484495,-12982.411491212935,-18461.738356765083
2025-05-16,-64906.723161665526,-24661.633573629206,-35532.1808407846
2025-05-19,43504.352242442226,16760.768378471937,24750.81663695344
2025-05-20,180470.66401301706,68639.53405729024,99321.19348353286
2025-05-21,13813.21665082922,5442.801452740521,8349.947146869097
2025-05-22,-230607.76584086823,-88336.35517268193,-129749.71189492446
2025-05-23,68970.44349488155,26449.736061616088,38751.51562550879
2025-05-26,-48569.612670380026,-18403.57615109101,-26377.885245499958
2025-05-27,298812.9858873023,112924.21008867609,162281.2514610581
2025-05-28,67520.46886828823,25898.552096911593,37956.002837490545
2025-05-29,1391.5177611565355,701.3560669538066,1463.8487674581313
2025-05-30,-366565.1058975705,-140656.85931282782,-208865.14959126854
2025-06-02,167632.1905780263,63802.81106866284,92408.2004317402
2025-06-03,-80445.26463674301,-30618.17837841003,-44261.7817496506
2025-06-04,185517.7056370721,70539.31134361635,102034.42098242104
2025-06-05,-37879.53724814201,-14311.388695568716,-20401.167850541024
2025-06-06,-97760.94597658158,-37260.61518057624,-54015.83230959295
2025-06-09,72439.95074123859,27768.369988744278,40654.21165711575
2025-06-10,-53218.16206657886,-20183.73747810065,-28980.137695850623
2025-06-11,226720.66412657514,86013.06062169484,124091.38419080153
2025-06-12,144213.19448344363,54965.10154022207,79756.78274835885
2025-06-13,125908.27806086793,48044.37368736751,69831.14506837243
2025-06-16,-8503.311153418736,-3078.1242290336413,-4031.778859923851
2025-06-17,214902.22259847514,81581.27437068547,117781.71345829192
2025-06-18,-130060.60067687102,-49662.612822374496,-72283.42650541716
2025-06-19,144070.32654969,54911.12923300428,79679.4395101108
2025-06-20,210703.166864986,80005.37320339581,115536.60220127297
2025-06-23,-75418.47005940099,-28690.75886699304,-41435.28896011559
2025-06-24,22628.689978498784,8805.480904925389,13228.119602081011
2025-06-25,50062.66396816628,19257.665862831796,28362.305455259906
2025-06-26,102347.60922432784,39120.597757814794,57008.14762752209
2025-06-27,-135777.36819599906,-51859.05910941462,-75526.48430478729
2025-06-30,-366620.58874842175,-140678.18806566537,-208897.76011077513
2025-07-01,-201702.90405280938,-77211.46441069497,-113137.35391646957
2025-07-02,-99607.63108944093,-37969.290033791964,-55057.69895865457
2025-07-03,41795.516079312736,16109.988564005032,23809.138156083573
2025-07-04,-150287.57209216722,-57435.702338307856,-83771.19661626244
2025-07-07,103553.98110184525,39577.9429969434,57666.01506890844
2025-07-08,-96298.69753256202,-36699.505870401335,-53191.07850617852
2025-07-09,35151.086571354994,13578.850771592466,20145.011039946792
2025-07-10,-215224.1511939259,-82415.07298967305,-120899.16652233813
2025-07-11,41209.48271285911,15886.790519366301,23486.132623177335
2025-07-14,104982.87754941273,40119.590958756555,58445.05079146984
2025-07-15,244456.17475257535,92653.35233025969,133534.2655868893
2025-07-16,76117.7184035688,29165.78050350793,42669.86844248396
2025-07-17,-155037.33052732257,-59261.63967767642,-86474.13093009402
2025-07-18,138082.19220101065,52648.32908368015,76435.91781038462
2025-07-21,243901.06980963112,92445.70830544847,133239.18283968442
2025-07-22,65484.79121513609,25124.622750143826,36838.813356533705
2025-07-23,-287426.0157505773,-110209.34484838913,-162618.4556978977
2025-07-24,26429.792601702928,10254.827975532387,15329.262950331922
2025-07-25,-61228.11699968267,-23252.090028249837,-33468.77530876084
2025-07-28,137947.79426825486,52597.52893483253,76363.08031960843
2025-07-29,43641.00515176616,16812.806882504323,24826.109255445124
2025-07-30,-12359.209946075822,-4551.539182701124,-6175.834531942946
2025-07-31,-43193.899849129026,-16345.461491274538,-23371.055629692506
2025-08-01,380652.1986763961,143197.1032470425,205004.88122444638
2025-08-04,-74063.80578505463,-28171.41328642606,-40673.97737871
2025-08-05,-138338.23282827638,-52843.09570160458,-76980.19101232165
2025-08-06,-191122.5185429437,-73140.33725802806,-107075.0378176297
2025-08-07,53192.60220204995,20448.897715347637,30084.445364498282
2025-08-08,-14890.12822749487,-5518.831085987452,-7583.89381199096
2025-08-11,23515.534609498445,9143.663817959834,13718.464053846445
2025-08-12,-218832.11980489534,-83803.73121134502,-122973.03884698167
2025-08-13,14889.828474951371,5853.578537237645,8946.09725917257
2025-08-14,-100251.86783310147,-38216.53102854285,-55421.238913449764
2025-08-15,-33033.043905260936,-12456.883324248209,-17695.024593514412
2025-08-18,123967.54585077261,47309.97562256558,68776.90990303132
2025-08-19,-74024.08542578272,-28156.185926977214,-40651.65736253233
2025-08-20,104450.48445432476,39917.78550897228,58154.81243556547
2025-08-21,-132026.99551656708,-50418.08010419768,-73398.60699884304
2025-08-22,67970.78042968891,26069.736977520948,38203.082762301274
2025-08-25,-20612.488495898164,-7706.373277559698,-10769.688779510789
2025-08-26,-116640.19221464485,-44507.92113777643,-64681.797525649745
2025-08-27,71432.02017834796,27385.32743354605,40101.57520773547
2025-08-28,-30641.457906519776,-11541.920922534388,-16360.433570353636
2025-08-29,-179616.62782703698,-68713.93126159052,-100493.73293803618
2025-09-01,106799.66544424175,40808.184558457404,59435.282663353464
2025-09-02,-25589.216961212456,-9609.444186931702,-13542.845982781279
2025-09-03,25153.98216257765,9768.40611308445,14624.182075737925
2025-09-04,278893.01470284094,105510.10666295738,151780.5289324124
2025-09-05,81428.38039057025,31182.938627507534,45578.18508801934
2025-09-08,-28678.608212300816,-10791.07021826764,-15265.489220142457
2025-09-09,-95404.05870404243,-36356.221493634155,-52686.57041365131
2025-09-10,206866.57308159652,78564.91382004958,113483.77594715508
2025-09-11,98161.53286181758,37533.276117069276,54724.28513688518
2025-09-12,-215672.63477031916,-82587.68526890893,-121156.89376790076
2025-09-15,-40851.42633214147,-15448.810943453982,-22061.661539660756
2025-09-16,212089.4285744228,80525.71057301345,116277.98684752837
2025-09-17,76182.38861762805,29190.34922162971,42705.30042284513
2025-09-18,57819.568232163474,22209.40003048066,32628.573293055764
2025-09-19,-183221.8601271805,-70100.79030684961,-102554.63643426975
2025-09-22,118075.321906543,45079.5382158117,65573.94333702046
2025-09-23,109811.48629955726,41949.48967246246,61076.16433643318
2025-09-24,-63604.365906201114,-24162.577503562945,-34801.51964109302
2025-09-25,200562.92278626416,76196.9786233682,110107.78139182631
2025-09-26,347616.7686299611,131014.37920924832,187840.12788456873
2025-09-29,-214259.95234242166,-82043.97526064691,-120345.13661430954
2025-09-30,-157477.8734521452,-60199.93832851377,-87863.75339310429
2025-10-01,77082.03577637675,29532.119660175034,43198.16425041917
