date,series,pnl,var99
2025-04-01,raw_change,20333.847999572754,20612.854385376086
2025-04-02,raw_change,-10685.949325561896,20612.854385376086
2025-04-03,raw_change,28356.013298034857,20612.854385376086
2025-04-04,raw_change,6180.124282836914,20612.854385376086
2025-04-07,raw_change,5435.82916259747,20612.854385376086
2025-04-08,raw_change,-5807.905197143367,20612.854385376086
2025-04-09,raw_change,-9245.839118957709,16924.33176040657
2025-04-10,raw_change,11741.852760315127,16924.33176040657
2025-04-11,raw_change,-7679.944038391113,16924.33176040657
2025-04-14,raw_change,3407.9217910764737,16924.33176040657
2025-04-15,raw_change,-2525.9399414060636,16924.33176040657
2025-04-16,raw_change,-2351.918220519833,16924.33176040657
2025-04-17,raw_change,-4848.103523254582,16924.33176040657
2025-04-21,raw_change,7578.091621398737,16924.33176040657
2025-04-22,raw_change,2567.939758301156,16924.33176040657
2025-04-23,raw_change,-1385.9796524049716,16924.33176040657
2025-04-24,raw_change,-1968.069076538086,16924.33176040657
2025-04-25,raw_change,-2652.010917663574,16924.33176040657
2025-04-28,raw_change,1272.0108032226562,16924.33176040657
2025-04-29,raw_change,6996.102333068848,16924.33176040657
2025-04-30,raw_change,6755.919456481934,16924.33176040657
2025-05-01,raw_change,-4476.084709167266,16924.33176040657
2025-05-02,raw_change,13212.089538574006,16924.33176040657
2025-05-05,raw_change,2675.971984863496,16924.33176040657
2025-05-06,raw_change,6870.0456619260585,16924.33176040657
2025-05-07,raw_change,4349.913597106934,16924.33176040657
2025-05-08,raw_change,-8867.969512939242,16924.33176040657
2025-05-09,raw_change,-7638.044357300204,16924.33176040657
2025-05-12,raw_change,-5285.997390746883,16924.33176040657
2025-05-13,raw_change,-14789.943695068574,16924.33176040657
2025-05-14,raw_change,-1493.9260482785958,16924.33176040657
2025-05-15,raw_change,20201.91192626953,16924.33176040657
2025-05-16,raw_change,-6455.96981048584,16924.33176040657
2025-05-19,raw_change,2327.928543090634,16924.33176040657
2025-05-20,raw_change,-4073.939323425292,16924.33176040657
2025-05-21,raw_change,-2862.067222595215,16924.33176040657
2025-05-22,raw_change,6420.0782775882635,16924.33176040657
2025-05-23,raw_change,5039.920806884579,16924.33176040657
2025-05-27,raw_change,6624.026298522949,15572.236204147466
2025-05-28,raw_change,-8513.989448547363,15572.236204147466
2025-05-29,raw_change,10751.967430114746,15572.236204147466
2025-05-30,raw_change,19452.009201049805,15572.236204147466
2025-06-02,raw_change,-13619.89974975586,15572.236204147466
2025-06-03,raw_change,-11862.072944641113,15572.236204147466
2025-06-04,raw_change,10878.1099319458,15572.236204147466
2025-06-05,raw_change,-4584.04541015625,15572.236204147466
2025-06-06,raw_change,-6533.961296081729,15572.236204147466
2025-06-09,raw_change,-4463.982582092099,15572.236204147466
2025-06-10,raw_change,2921.91982269287,15572.236204147466
2025-06-11,raw_change,-13872.02739715576,15572.236204147466
2025-06-12,raw_change,2951.98917388916,14248.373079300014
2025-06-13,raw_change,-46902.03666687012,14248.373079300014
2025-06-16,raw_change,-5988.063812255859,27955.901813507207
2025-06-17,raw_change,-18281.836509704215,27955.901813507207
2025-06-18,raw_change,-2729.9308776857333,30016.118574142234
2025-06-20,raw_change,2477.989196776971,30016.118574142234
2025-06-23,raw_change,37565.96088409461,30016.118574142234
2025-06-24,raw_change,10343.956947326471,30016.118574142234
2025-06-25,raw_change,7457.942962646297,30016.118574142234
2025-06-26,raw_change,-2951.9748687742276,30016.118574142234
2025-06-27,raw_change,5886.039733886719,30016.118574142234
2025-06-30,raw_change,-9570.021629333709,30016.118574142234
2025-07-01,raw_change,-3521.990776061799,30016.118574142234
2025-07-02,raw_change,-14345.998764038086,30016.118574142234
2025-07-03,raw_change,9000.020027160645,30016.118574142234
2025-07-07,raw_change,5261.9218826293945,30016.118574142234
2025-07-08,raw_change,4824.042320251279,30016.118574142234
2025-07-09,raw_change,-4859.962463378721,30016.118574142234
2025-07-10,raw_change,3659.977912902832,30016.118574142234
2025-07-11,raw_change,-6245.9564208984375,30016.118574142234
2025-07-14,raw_change,852.0269393920898,30016.118574142234
2025-07-15,raw_change,-7830.190658569361,30016.118574142234
2025-07-16,raw_change,4728.083610534693,30016.118574142234
2025-07-17,raw_change,-5244.011878967285,30016.118574142234
2025-07-18,raw_change,7115.993499756259,30016.118574142234
2025-07-21,raw_change,780.0149917600406,30016.118574142234
2025-07-22,raw_change,6132.10201263409,30016.118574142234
2025-07-23,raw_change,-12408.14208984415,30016.118574142234
2025-07-24,raw_change,7541.9998168949305,30016.118574142234
2025-07-25,raw_change,-2633.814811706543,30016.118574142234
2025-07-28,raw_change,-9852.161407470703,30016.118574142234
2025-07-29,raw_change,-13559.875488281436,30016.118574142234
2025-07-30,raw_change,-7973.957061767392,30016.118574142234
2025-07-31,raw_change,7373.8861083984375,30016.118574142234
2025-08-01,raw_change,11892.013549804498,30016.118574142234
2025-08-04,raw_change,6606.030464172737,30016.118574142234
2025-08-05,raw_change,3119.9312210081134,30016.118574142234
2025-08-06,raw_change,-3761.9590759279217,30016.118574142234
2025-08-07,raw_change,617.9809570314364,30016.118574142234
2025-08-08,raw_change,-5645.999908447452,30016.118574142234
2025-08-11,raw_change,840.082168579288,30016.118574142234
2025-08-12,raw_change,6449.904441833496,30016.118574142234
2025-08-13,raw_change,-2723.979949951172,30016.118574142234
2025-08-14,raw_change,1404.0184020996094,30016.118574142234
2025-08-15,raw_change,509.9773406982422,30016.118574142234
2025-08-18,raw_change,-4325.952529907227,30016.118574142234
2025-08-19,raw_change,3762.044906616211,30016.118574142234
2025-08-20,raw_change,-5850.090980529785,30016.118574142234
2025-08-21,raw_change,-4121.990203857422,30016.118574142234
2025-08-22,raw_change,-6816.000938415527,30016.118574142234
2025-08-25,raw_change,-6324.03373718243,30016.118574142234
2025-08-26,raw_change,9623.994827270133,30016.118574142234
2025-08-27,raw_change,-3354.0201187131925,30016.118574142234
2025-08-28,raw_change,-1493.9546585084872,30016.118574142234
2025-08-29,raw_change,8634.052276611515,30016.118574142234
2025-09-02,raw_change,-1596.150398254209,30016.118574142234
2025-09-03,raw_change,4560.012817382627,30016.118574142234
2025-09-04,raw_change,-3119.9169158933673,30016.118574142234
2025-09-05,raw_change,4986.047744750789,30016.118574142234
2025-09-08,raw_change,-102.03838348370027,30016.118574142234
2025-09-09,raw_change,-8046.040534973332,30016.118574142234
2025-09-10,raw_change,1805.9921264648438,30016.118574142234
2025-09-11,raw_change,636.1055374145508,15959.6922397612
2025-09-12,raw_change,10662.031173706055,15959.6922397612
2025-09-15,raw_change,-13361.949920654297,13882.186031341662
2025-09-16,raw_change,-7848.057746887207,13882.186031341662
2025-09-17,raw_change,-1308.0167770387616,13882.186031341662
2025-09-18,raw_change,4938.02547454834,13882.186031341662
2025-09-19,raw_change,11147.918701171846,13882.186031341662
2025-09-22,raw_change,-3294.0244674680484,13882.186031341662
2025-09-23,raw_change,-2621.898651123047,13882.186031341662
2025-09-24,raw_change,-5424.056053161621,13882.186031341662
2025-09-25,raw_change,-8010.0202560424805,13882.186031341662
2025-09-26,raw_change,-4308.042526245117,13882.186031341662
2025-09-29,raw_change,7806.100845336914,13443.099403381424
2025-09-30,raw_change,161.93389892578125,13443.099403381424
2025-10-01,raw_change,6839.947700500488,13443.099403381424
2025-10-02,raw_change,3444.027900695801,13443.099403381424
2025-10-03,raw_change,-1643.9437866210938,13443.099403381424
2025-10-06,raw_change,-10163.984298706055,13443.099403381424
2025-10-07,raw_change,-2880.048751831241,13443.099403381424
2025-10-08,raw_change,-7649.90329742413,13443.099403381424
2025-10-09,raw_change,5441.923141479492,13443.099403381424
2025-10-10,raw_change,13128.00407409668,13443.099403381424
2025-10-13,raw_change,-3743.991851806828,13443.099403381424
2025-10-14,raw_change,7181.8828582765545,13443.099403381424
2025-10-15,raw_change,-167.95635223388672,13443.099403381424
2025-10-16,raw_change,-1344.008445739746,13443.099403381424
2025-10-17,raw_change,-5609.951019286922,13443.099403381424
2025-10-20,raw_change,6156.105995178036,13443.099403381424
2025-10-21,raw_change,-2466.1445617677914,13443.099403381424
2025-10-22,raw_change,-10595.98445892334,13443.099403381424
2025-10-23,raw_change,-29657.964706420684,11730.030298233032
2025-10-24,raw_change,3222.055435180664,20043.315982818516
2025-10-27,raw_change,-2052.097320556454,20043.315982818516
2025-10-28,raw_change,8322.114944457822,20043.315982818516
2025-10-29,raw_change,-4770.154953002717,20043.315982818516
2025-10-30,raw_change,-1583.9481353761898,20043.315982818516
2025-10-31,raw_change,6252.13623046875,20043.315982818516
2025-11-03,raw_change,-972.0897674560547,20043.315982818516
2025-11-04,raw_change,-7115.993499755859,20043.315982818516
2025-11-05,raw_change,4205.904006958008,20043.315982818516
2025-11-06,raw_change,-4919.9724197387695,20043.315982818516
2025-11-07,raw_change,-1901.8936157226562,20043.315982818516
2025-11-10,raw_change,-5184.04483795166,20043.315982818516
2025-11-11,raw_change,-9833.993911743164,20043.315982818516
2025-11-12,raw_change,-2820.0674057006836,20043.315982818516
2025-11-13,raw_change,8724.145889282041,20043.315982818516
2025-11-14,raw_change,-3426.160812377744,20043.315982818516
2025-11-17,raw_change,8922.100067138672,20043.315982818516
2025-11-18,raw_change,-7332.015037536247,20043.315982818516
2025-11-19,raw_change,10421.99134826623,20043.315982818516
2025-11-20,raw_change,6923.947334289551,20043.315982818516
2025-11-21,raw_change,4979.939460754208,20043.315982818516
2025-11-24,raw_change,10710.082054138371,20043.315982818516
2025-11-25,raw_change,-2693.967819213867,20043.315982818516
2025-11-26,raw_change,-2795.9346771240234,20043.315982818516
2025-11-28,raw_change,-564.1365051267667,20043.315982818516
2025-12-01,raw_change,-9851.975440979191,20043.315982818516
2025-12-02,raw_change,6738.0523681640625,20043.315982818516
2025-12-03,raw_change,5483.922958374023,20043.315982818516
2025-12-04,raw_change,5171.985626220916,20043.315982818516
2025-12-05,raw_change,1092.0095443725322,20043.315982818516
2025-12-08,raw_change,10764.169692992979,20043.315982818516
2025-12-09,raw_change,-912.0798110961914,20043.315982818516
2025-12-10,raw_change,-402.00233459472656,18411.39636039725
2025-12-11,raw_change,11087.88013458252,18411.39636039725
2025-12-12,raw_change,8298.182487487606,18411.39636039725
2025-12-15,raw_change,3227.920532226749,18411.39636039725
2025-12-16,raw_change,5567.908287048129,18411.39636039725
2025-12-17,raw_change,6204.042434692596,18411.39636039725
2025-12-18,raw_change,-1518.0158615112305,18411.39636039725
2025-12-19,raw_change,-2237.9493713378906,18411.39636039725
2025-12-22,raw_change,-6294.078826904297,18411.39636039725
2025-12-23,raw_change,-4524.049758911133,18411.39636039725
2025-12-24,raw_change,5958.0230712890625,18411.39636039725
2025-12-26,raw_change,7620.034217834473,18411.39636039725
2025-12-29,raw_change,-2591.9866561891504,18411.39636039725
2025-12-30,raw_change,-3821.9261169433594,18411.39636039725
2025-12-31,raw_change,3599.8678207399334,18411.39636039725
2025-04-01,adjusted_change,2207.9801559444513,20612.854385376086
2025-04-02,adjusted_change,-10685.949325561896,20612.854385376086
2025-04-03,adjusted_change,28356.013298034857,20612.854385376086
2025-04-04,adjusted_change,6180.124282836914,20612.854385376086
2025-04-07,adjusted_change,5435.82916259747,20612.854385376086
2025-04-08,adjusted_change,-5807.905197143367,20612.854385376086
2025-04-09,adjusted_change,-9245.839118957709,16924.33176040657
2025-04-10,adjusted_change,11741.852760315127,16924.33176040657
2025-04-11,adjusted_change,-7679.944038391113,16924.33176040657
2025-04-14,adjusted_change,3407.9217910764737,16924.33176040657
2025-04-15,adjusted_change,-2525.9399414060636,16924.33176040657
2025-04-16,adjusted_change,-2351.918220519833,16924.33176040657
2025-04-17,adjusted_change,-4848.103523254582,16924.33176040657
2025-04-21,adjusted_change,7578.091621398737,16924.33176040657
2025-04-22,adjusted_change,2567.939758301156,16924.33176040657
2025-04-23,adjusted_change,-1385.9796524049716,16924.33176040657
2025-04-24,adjusted_change,-1968.069076538086,16924.33176040657
2025-04-25,adjusted_change,-2652.010917663574,16924.33176040657
2025-04-28,adjusted_change,1272.0108032226562,16924.33176040657
2025-04-29,adjusted_change,6996.102333068848,16924.33176040657
2025-04-30,adjusted_change,6755.919456481934,16924.33176040657
2025-05-01,adjusted_change,-4476.084709167266,16924.33176040657
2025-05-02,adjusted_change,13212.089538574006,16924.33176040657
2025-05-05,adjusted_change,2675.971984863496,16924.33176040657
2025-05-06,adjusted_change,6870.0456619260585,16924.33176040657
2025-05-07,adjusted_change,4349.913597106934,16924.33176040657
2025-05-08,adjusted_change,-8867.969512939242,16924.33176040657
2025-05-09,adjusted_change,-7638.044357300204,16924.33176040657
2025-05-12,adjusted_change,-5285.997390746883,16924.33176040657
2025-05-13,adjusted_change,-14789.943695068574,16924.33176040657
2025-05-14,adjusted_change,-1493.9260482785958,16924.33176040657
2025-05-15,adjusted_change,20201.91192626953,16924.33176040657
2025-05-16,adjusted_change,-6455.96981048584,16924.33176040657
2025-05-19,adjusted_change,2327.928543090634,16924.33176040657
2025-05-20,adjusted_change,-4073.939323425292,16924.33176040657
2025-05-21,adjusted_change,-2862.067222595215,16924.33176040657
2025-05-22,adjusted_change,6420.0782775882635,16924.33176040657
2025-05-23,adjusted_change,5039.920806884579,16924.33176040657
2025-05-27,adjusted_change,6624.026298522949,15572.236204147466
2025-05-28,adjusted_change,-8513.989448547363,15572.236204147466
2025-05-29,adjusted_change,10751.967430114746,15572.236204147466
2025-05-30,adjusted_change,19452.009201049805,15572.236204147466
2025-06-02,adjusted_change,-13619.89974975586,15572.236204147466
2025-06-03,adjusted_change,-11862.072944641113,15572.236204147466
2025-06-04,adjusted_change,10878.1099319458,15572.236204147466
2025-06-05,adjusted_change,-4584.04541015625,15572.236204147466
2025-06-06,adjusted_change,-6533.961296081729,15572.236204147466
2025-06-09,adjusted_change,-4463.982582092099,15572.236204147466
2025-06-10,adjusted_change,2921.91982269287,15572.236204147466
2025-06-11,adjusted_change,-13872.02739715576,15572.236204147466
2025-06-12,adjusted_change,2951.98917388916,14248.373079300014
2025-06-13,adjusted_change,-46902.03666687012,14248.373079300014
2025-06-16,adjusted_change,-5988.063812255859,27955.901813507207
2025-06-17,adjusted_change,-18281.836509704215,27955.901813507207
2025-06-18,adjusted_change,-2729.9308776857333,30016.118574142234
2025-06-20,adjusted_change,2477.989196776971,30016.118574142234
2025-06-23,adjusted_change,37565.96088409461,30016.118574142234
2025-06-24,adjusted_change,10343.956947326471,30016.118574142234
2025-06-25,adjusted_change,7457.942962646297,30016.118574142234
2025-06-26,adjusted_change,-2951.9748687742276,30016.118574142234
2025-06-27,adjusted_change,5886.039733886719,30016.118574142234
2025-06-30,adjusted_change,-9570.021629333709,30016.118574142234
2025-07-01,adjusted_change,-5795.917510986115,30016.118574142234
2025-07-02,adjusted_change,-14345.998764038086,30016.118574142234
2025-07-03,adjusted_change,9000.020027160645,30016.118574142234
2025-07-07,adjusted_change,5261.9218826293945,30016.118574142234
2025-07-08,adjusted_change,4824.042320251279,30016.118574142234
2025-07-09,adjusted_change,-4859.962463378721,30016.118574142234
2025-07-10,adjusted_change,3659.977912902832,30016.118574142234
2025-07-11,adjusted_change,-6245.9564208984375,30016.118574142234
2025-07-14,adjusted_change,852.0269393920898,30016.118574142234
2025-07-15,adjusted_change,-7830.190658569361,30016.118574142234
2025-07-16,adjusted_change,4728.083610534693,30016.118574142234
2025-07-17,adjusted_change,-5244.011878967285,30016.118574142234
2025-07-18,adjusted_change,7115.993499756259,30016.118574142234
2025-07-21,adjusted_change,780.0149917600406,30016.118574142234
2025-07-22,adjusted_change,6132.10201263409,30016.118574142234
2025-07-23,adjusted_change,-12408.14208984415,30016.118574142234
2025-07-24,adjusted_change,7541.9998168949305,30016.118574142234
2025-07-25,adjusted_change,-2633.814811706543,30016.118574142234
2025-07-28,adjusted_change,-9852.161407470703,30016.118574142234
2025-07-29,adjusted_change,-13559.875488281436,30016.118574142234
2025-07-30,adjusted_change,-7973.957061767392,30016.118574142234
2025-07-31,adjusted_change,7373.8861083984375,30016.118574142234
2025-08-01,adjusted_change,11892.013549804498,30016.118574142234
2025-08-04,adjusted_change,6606.030464172737,30016.118574142234
2025-08-05,adjusted_change,3119.9312210081134,30016.118574142234
2025-08-06,adjusted_change,-3761.9590759279217,30016.118574142234
2025-08-07,adjusted_change,617.9809570314364,30016.118574142234
2025-08-08,adjusted_change,-5645.999908447452,30016.118574142234
2025-08-11,adjusted_change,840.082168579288,30016.118574142234
2025-08-12,adjusted_change,6449.904441833496,30016.118574142234
2025-08-13,adjusted_change,-2723.979949951172,30016.118574142234
2025-08-14,adjusted_change,1404.0184020996094,30016.118574142234
2025-08-15,adjusted_change,509.9773406982422,30016.118574142234
2025-08-18,adjusted_change,-4325.952529907227,30016.118574142234
2025-08-19,adjusted_change,3762.044906616211,30016.118574142234
2025-08-20,adjusted_change,-5850.090980529785,30016.118574142234
2025-08-21,adjusted_change,-4121.990203857422,30016.118574142234
2025-08-22,adjusted_change,-6816.000938415527,30016.118574142234
2025-08-25,adjusted_change,-6324.03373718243,30016.118574142234
2025-08-26,adjusted_change,9623.994827270133,30016.118574142234
2025-08-27,adjusted_change,-3354.0201187131925,30016.118574142234
2025-08-28,adjusted_change,-1493.9546585084872,30016.118574142234
2025-08-29,adjusted_change,8634.052276611515,30016.118574142234
2025-09-02,adjusted_change,-1596.150398254209,30016.118574142234
2025-09-03,adjusted_change,4560.012817382627,30016.118574142234
2025-09-04,adjusted_change,-3119.9169158933673,30016.118574142234
2025-09-05,adjusted_change,4986.047744750789,30016.118574142234
2025-09-08,adjusted_change,-102.03838348370027,30016.118574142234
2025-09-09,adjusted_change,-8046.040534973332,30016.118574142234
2025-09-10,adjusted_change,1805.9921264648438,30016.118574142234
2025-09-11,adjusted_change,636.1055374145508,15959.6922397612
2025-09-12,adjusted_change,10662.031173706055,15959.6922397612
2025-09-15,adjusted_change,-13361.949920654297,13882.186031341662
2025-09-16,adjusted_change,-7848.057746887207,13882.186031341662
2025-09-17,adjusted_change,-1308.0167770387616,13882.186031341662
2025-09-18,adjusted_change,4938.02547454834,13882.186031341662
2025-09-19,adjusted_change,11147.918701171846,13882.186031341662
2025-09-22,adjusted_change,-3294.0244674680484,13882.186031341662
2025-09-23,adjusted_change,-2621.898651123047,13882.186031341662
2025-09-24,adjusted_change,-5424.056053161621,13882.186031341662
2025-09-25,adjusted_change,-8010.0202560424805,13882.186031341662
2025-09-26,adjusted_change,-4308.042526245117,13882.186031341662
2025-09-29,adjusted_change,7806.100845336914,13443.099403381424
2025-09-30,adjusted_change,161.93389892578125,13443.099403381424
2025-10-01,adjusted_change,10494.003295898438,13443.099403381424
2025-10-02,adjusted_change,3444.027900695801,13443.099403381424
2025-10-03,adjusted_change,-1643.9437866210938,13443.099403381424
2025-10-06,adjusted_change,-10163.984298706055,13443.099403381424
2025-10-07,adjusted_change,-2880.048751831241,13443.099403381424
2025-10-08,adjusted_change,-7649.90329742413,13443.099403381424
2025-10-09,adjusted_change,5441.923141479492,13443.099403381424
2025-10-10,adjusted_change,13128.00407409668,13443.099403381424
2025-10-13,adjusted_change,-3743.991851806828,13443.099403381424
2025-10-14,adjusted_change,7181.8828582765545,13443.099403381424
2025-10-15,adjusted_change,-167.95635223388672,13443.099403381424
2025-10-16,adjusted_change,-1344.008445739746,13443.099403381424
2025-10-17,adjusted_change,-5609.951019286922,13443.099403381424
2025-10-20,adjusted_change,6156.105995178036,13443.099403381424
2025-10-21,adjusted_change,-2466.1445617677914,13443.099403381424
2025-10-22,adjusted_change,-10595.98445892334,13443.099403381424
2025-10-23,adjusted_change,-29657.964706420684,11730.030298233032
2025-10-24,adjusted_change,3222.055435180664,20043.315982818516
2025-10-27,adjusted_change,-2052.097320556454,20043.315982818516
2025-10-28,adjusted_change,8322.114944457822,20043.315982818516
2025-10-29,adjusted_change,-4770.154953002717,20043.315982818516
2025-10-30,adjusted_change,-1583.9481353761898,20043.315982818516
2025-10-31,adjusted_change,6252.13623046875,20043.315982818516
2025-11-03,adjusted_change,-972.0897674560547,20043.315982818516
2025-11-04,adjusted_change,-7115.993499755859,20043.315982818516
2025-11-05,adjusted_change,4205.904006958008,20043.315982818516
2025-11-06,adjusted_change,-4919.9724197387695,20043.315982818516
2025-11-07,adjusted_change,-1901.8936157226562,20043.315982818516
2025-11-10,adjusted_change,-5184.04483795166,20043.315982818516
2025-11-11,adjusted_change,-9833.993911743164,20043.315982818516
2025-11-12,adjusted_change,-2820.0674057006836,20043.315982818516
2025-11-13,adjusted_change,8724.145889282041,20043.315982818516
2025-11-14,adjusted_change,-3426.160812377744,20043.315982818516
2025-11-17,adjusted_change,8922.100067138672,20043.315982818516
2025-11-18,adjusted_change,-7332.015037536247,20043.315982818516
2025-11-19,adjusted_change,10421.99134826623,20043.315982818516
2025-11-20,adjusted_change,6923.947334289551,20043.315982818516
2025-11-21,adjusted_change,4979.939460754208,20043.315982818516
2025-11-24,adjusted_change,10710.082054138371,20043.315982818516
2025-11-25,adjusted_change,-2693.967819213867,20043.315982818516
2025-11-26,adjusted_change,-2795.9346771240234,20043.315982818516
2025-11-28,adjusted_change,-564.1365051267667,20043.315982818516
2025-12-01,adjusted_change,-9851.975440979191,20043.315982818516
2025-12-02,adjusted_change,6738.0523681640625,20043.315982818516
2025-12-03,adjusted_change,5483.922958374023,20043.315982818516
2025-12-04,adjusted_change,5171.985626220916,20043.315982818516
2025-12-05,adjusted_change,1092.0095443725322,20043.315982818516
2025-12-08,adjusted_change,10764.169692992979,20043.315982818516
2025-12-09,adjusted_change,-912.0798110961914,20043.315982818516
2025-12-10,adjusted_change,-402.00233459472656,18411.39636039725
2025-12-11,adjusted_change,11087.88013458252,18411.39636039725
2025-12-12,adjusted_change,8298.182487487606,18411.39636039725
2025-12-15,adjusted_change,3227.920532226749,18411.39636039725
2025-12-16,adjusted_change,5567.908287048129,18411.39636039725
2025-12-17,adjusted_change,6204.042434692596,18411.39636039725
2025-12-18,adjusted_change,-1518.0158615112305,18411.39636039725
2025-12-19,adjusted_change,-2237.9493713378906,18411.39636039725
2025-12-22,adjusted_change,-6294.078826904297,18411.39636039725
2025-12-23,adjusted_change,-4524.049758911133,18411.39636039725
2025-12-24,adjusted_change,5958.0230712890625,18411.39636039725
2025-12-26,adjusted_change,7620.034217834473,18411.39636039725
2025-12-29,adjusted_change,-2591.9866561891504,18411.39636039725
2025-12-30,adjusted_change,-3821.9261169433594,18411.39636039725
2025-12-31,adjusted_change,3599.8678207399334,18411.39636039725
