date,raw_change,adjusted_change,roll_gap_pnl
2025-01-03,6539.783477783017,6539.783477783017,0.0
2025-01-06,6822.023391723633,6822.023391723633,0.0
2025-01-07,-4782.042503356934,-4782.042503356934,0.0
2025-01-08,-2555.8090209960938,-2555.8090209960938,0.0
2025-01-09,-7722.101211547852,-7722.101211547852,0.0
2025-01-10,-25451.98917388916,-25451.98917388916,0.0
2025-01-13,-1110.1484298706055,-1110.1484298706055,0.0
2025-01-14,9666.06616973877,9666.06616973877,0.0
2025-01-15,-14064.059257507699,-14064.059257507699,0.0
2025-01-16,5100.116729736327,5100.116729736327,0.0
2025-01-17,-3468.0461883541193,-3468.0461883541193,0.0
2025-01-21,14184.150695800781,14184.150695800781,0.0
2025-01-22,6227.831840515137,6227.831840515137,0.0
2025-01-23,-6425.957679748349,-6425.957679748349,0.0
2025-01-24,-2975.850105285831,-2975.850105285831,0.0
2025-01-27,659.8663330078125,659.8663330078125,0.0
2025-01-28,-6587.905883788876,-6587.905883788876,0.0
2025-01-29,1919.9752807617197,1919.9752807617197,0.0
2025-01-30,-4350.013732910343,-4350.013732910343,0.0
2025-01-31,2393.9609527586026,2393.9609527586026,0.0
2025-02-03,-11399.90329742413,-11399.90329742413,0.0
2025-02-04,-288.03348541222476,-288.03348541222476,0.0
2025-02-05,16463.87100219689,16463.87100219689,0.0
2025-02-06,-425.8775711057706,-425.8775711057706,0.0
2025-02-07,-13044.018745422363,-13044.018745422363,0.0
2025-02-10,-2892.0221328737225,-2892.0221328737225,0.0
2025-02-11,-9312.057495117375,-9312.057495117375,0.0
2025-02-12,25920.081138611025,25920.081138611025,0.0
2025-02-13,-6660.118103026971,-6660.118103026971,0.0
2025-02-14,2592.072486876882,2592.072486876882,0.0
2025-02-18,-1061.91158294659,-1061.91158294659,0.0
2025-02-19,-5346.136093140208,-5346.136093140208,0.0
2025-02-20,-3017.9214477531605,-3017.9214477531605,0.0
2025-02-21,7554.116249084285,7554.116249084285,0.0
2025-02-24,1037.7359390260654,1037.7359390260654,0.0
2025-02-25,7542.257308959775,7542.257308959775,0.0
2025-02-26,5687.9425048828125,5687.9425048828125,0.0
2025-02-27,-17250.065803528018,-17250.065803528018,0.0
2025-02-28,8033.938407898137,8033.938407898137,0.0
2025-03-03,11052.04582214337,11052.04582214337,0.0
2025-03-04,-4343.991279601705,-4343.991279601705,0.0
2025-03-05,4548.06804656985,4548.06804656985,0.0
2025-03-06,2903.8953781126065,2903.8953781126065,0.0
2025-03-07,348.0720520019531,348.0720520019531,0.0
2025-03-10,2705.9555053710938,2705.9555053710938,0.0
2025-03-11,-696.058273315643,-696.058273315643,0.0
2025-03-12,-1751.9187927243947,-1751.9187927243947,0.0
2025-03-13,8819.975852966309,8819.975852966309,0.0
2025-03-14,2178.010940551758,2178.010940551758,0.0
2025-03-17,-16697.97420501709,-16697.97420501709,0.0
2025-03-18,3995.976448059082,3995.976448059082,0.0
2025-03-19,-8093.976974487305,-8093.976974487305,0.0
2025-03-20,-9744.029045104795,-9744.029045104795,0.0
2025-03-21,-1769.9861526489258,-1769.9861526489258,0.0
2025-03-24,1434.0162277221689,1434.0162277221689,0.0
2025-03-25,-3420.038223266788,-3420.038223266788,0.0
2025-03-26,-8183.927536010555,-8183.927536010555,0.0
2025-03-27,-3096.141815186106,-3096.141815186106,0.0
2025-03-28,-173.92158508244847,-173.92158508244847,0.0
2025-03-31,-12599.959373474121,-12599.959373474121,0.0
2025-04-01,20333.847999572754,2207.9801559444513,18125.8678436283
2025-04-02,-10685.949325561896,-10685.949325561896,0.0
2025-04-03,28356.013298034857,28356.013298034857,0.0
2025-04-04,6180.124282836914,6180.124282836914,0.0
2025-04-07,5435.82916259747,5435.82916259747,0.0
2025-04-08,-5807.905197143367,-5807.905197143367,0.0
2025-04-09,-9245.839118957709,-9245.839118957709,0.0
2025-04-10,11741.852760315127,11741.852760315127,0.0
2025-04-11,-7679.944038391113,-7679.944038391113,0.0
2025-04-14,3407.9217910764737,3407.9217910764737,0.0
2025-04-15,-2525.9399414060636,-2525.9399414060636,0.0
2025-04-16,-2351.918220519833,-2351.918220519833,0.0
2025-04-17,-4848.103523254582,-4848.103523254582,0.0
2025-04-21,7578.091621398737,7578.091621398737,0.0
2025-04-22,2567.939758301156,2567.939758301156,0.0
2025-04-23,-1385.9796524049716,-1385.9796524049716,0.0
2025-04-24,-1968.069076538086,-1968.069076538086,0.0
2025-04-25,-2652.010917663574,-2652.010917663574,0.0
2025-04-28,1272.0108032226562,1272.0108032226562,0.0
2025-04-29,6996.102333068848,6996.102333068848,0.0
2025-04-30,6755.919456481934,6755.919456481934,0.0
2025-05-01,-4476.084709167266,-4476.084709167266,0.0
2025-05-02,13212.089538574006,13212.089538574006,0.0
2025-05-05,2675.971984863496,2675.971984863496,0.0
2025-05-06,6870.0456619260585,6870.0456619260585,0.0
2025-05-07,4349.913597106934,4349.913597106934,0.0
2025-05-08,-8867.969512939242,-8867.969512939242,0.0
2025-05-09,-7638.044357300204,-7638.044357300204,0.0
2025-05-12,-5285.997390746883,-5285.997390746883,0.0
2025-05-13,-14789.943695068574,-14789.943695068574,0.0
2025-05-14,-1493.9260482785958,-1493.9260482785958,0.0
2025-05-15,20201.91192626953,20201.91192626953,0.0
2025-05-16,-6455.96981048584,-6455.96981048584,0.0
2025-05-19,2327.928543090634,2327.928543090634,0.0
2025-05-20,-4073.939323425292,-4073.939323425292,0.0
2025-05-21,-2862.067222595215,-2862.067222595215,0.0
2025-05-22,6420.0782775882635,6420.0782775882635,0.0
2025-05-23,5039.920806884579,5039.920806884579,0.0
2025-05-27,6624.026298522949,6624.026298522949,0.0
2025-05-28,-8513.989448547363,-8513.989448547363,0.0
2025-05-29,10751.967430114746,10751.967430114746,0.0
2025-05-30,19452.009201049805,19452.009201049805,0.0
2025-06-02,-13619.89974975586,-13619.89974975586,0.0
2025-06-03,-11862.072944641113,-11862.072944641113,0.0
2025-06-04,10878.1099319458,10878.1099319458,0.0
2025-06-05,-4584.04541015625,-4584.04541015625,0.0
2025-06-06,-6533.961296081729,-6533.961296081729,0.0
2025-06-09,-4463.982582092099,-4463.982582092099,0.0
2025-06-10,2921.91982269287,2921.91982269287,0.0
2025-06-11,-13872.02739715576,-13872.02739715576,0.0
2025-06-12,2951.98917388916,2951.98917388916,0.0
2025-06-13,-46902.03666687012,-46902.03666687012,0.0
2025-06-16,-5988.063812255859,-5988.063812255859,0.0
2025-06-17,-18281.836509704215,-18281.836509704215,0.0
2025-06-18,-2729.9308776857333,-2729.9308776857333,0.0
2025-06-20,2477.989196776971,2477.989196776971,0.0
2025-06-23,37565.96088409461,37565.96088409461,0.0
2025-06-24,10343.956947326471,10343.956947326471,0.0
2025-06-25,7457.942962646297,7457.942962646297,0.0
2025-06-26,-2951.9748687742276,-2951.9748687742276,0.0
2025-06-27,5886.039733886719,5886.039733886719,0.0
2025-06-30,-9570.021629333709,-9570.021629333709,0.0
2025-07-01,-3521.990776061799,-5795.917510986115,2273.9267349243164
2025-07-02,-14345.998764038086,-14345.998764038086,0.0
2025-07-03,9000.020027160645,9000.020027160645,0.0
2025-07-07,5261.9218826293945,5261.9218826293945,0.0
2025-07-08,4824.042320251279,4824.042320251279,0.0
2025-07-09,-4859.962463378721,-4859.962463378721,0.0
2025-07-10,3659.977912902832,3659.977912902832,0.0
2025-07-11,-6245.9564208984375,-6245.9564208984375,0.0
2025-07-14,852.0269393920898,852.0269393920898,0.0
2025-07-15,-7830.190658569361,-7830.190658569361,0.0
2025-07-16,4728.083610534693,4728.083610534693,0.0
2025-07-17,-5244.011878967285,-5244.011878967285,0.0
2025-07-18,7115.993499756259,7115.993499756259,0.0
2025-07-21,780.0149917600406,780.0149917600406,0.0
2025-07-22,6132.10201263409,6132.10201263409,0.0
2025-07-23,-12408.14208984415,-12408.14208984415,0.0
2025-07-24,7541.9998168949305,7541.9998168949305,0.0
2025-07-25,-2633.814811706543,-2633.814811706543,0.0
2025-07-28,-9852.161407470703,-9852.161407470703,0.0
2025-07-29,-13559.875488281436,-13559.875488281436,0.0
2025-07-30,-7973.957061767392,-7973.957061767392,0.0
2025-07-31,7373.8861083984375,7373.8861083984375,0.0
2025-08-01,11892.013549804498,11892.013549804498,0.0
2025-08-04,6606.030464172737,6606.030464172737,0.0
2025-08-05,3119.9312210081134,3119.9312210081134,0.0
2025-08-06,-3761.9590759279217,-3761.9590759279217,0.0
2025-08-07,617.9809570314364,617.9809570314364,0.0
2025-08-08,-5645.999908447452,-5645.999908447452,0.0
2025-08-11,840.082168579288,840.082168579288,0.0
2025-08-12,6449.904441833496,6449.904441833496,0.0
2025-08-13,-2723.979949951172,-2723.979949951172,0.0
2025-08-14,1404.0184020996094,1404.0184020996094,0.0
2025-08-15,509.9773406982422,509.9773406982422,0.0
2025-08-18,-4325.952529907227,-4325.952529907227,0.0
2025-08-19,3762.044906616211,3762.044906616211,0.0
2025-08-20,-5850.090980529785,-5850.090980529785,0.0
2025-08-21,-4121.990203857422,-4121.990203857422,0.0
2025-08-22,-6816.000938415527,-6816.000938415527,0.0
2025-08-25,-6324.03373718243,-6324.03373718243,0.0
2025-08-26,9623.994827270133,9623.994827270133,0.0
2025-08-27,-3354.0201187131925,-3354.0201187131925,0.0
2025-08-28,-1493.9546585084872,-1493.9546585084872,0.0
2025-08-29,8634.052276611515,8634.052276611515,0.0
2025-09-02,-1596.150398254209,-1596.150398254209,0.0
2025-09-03,4560.012817382627,4560.012817382627,0.0
2025-09-04,-3119.9169158933673,-3119.9169158933673,0.0
2025-09-05,4986.047744750789,4986.047744750789,0.0
2025-09-08,-102.03838348370027,-102.03838348370027,0.0
2025-09-09,-8046.040534973332,-8046.040534973332,0.0
2025-09-10,1805.9921264648438,1805.9921264648438,0.0
2025-09-11,636.1055374145508,636.1055374145508,0.0
2025-09-12,10662.031173706055,10662.031173706055,0.0
2025-09-15,-13361.949920654297,-13361.949920654297,0.0
2025-09-16,-7848.057746887207,-7848.057746887207,0.0
2025-09-17,-1308.0167770387616,-1308.0167770387616,0.0
2025-09-18,4938.02547454834,4938.02547454834,0.0
2025-09-19,11147.918701171846,11147.918701171846,0.0
2025-09-22,-3294.0244674680484,-3294.0244674680484,0.0
2025-09-23,-2621.898651123047,-2621.898651123047,0.0
2025-09-24,-5424.056053161621,-5424.056053161621,0.0
2025-09-25,-8010.0202560424805,-8010.0202560424805,0.0
2025-09-26,-4308.042526245117,-4308.042526245117,0.0
2025-09-29,7806.100845336914,7806.100845336914,0.0
2025-09-30,161.93389892578125,161.93389892578125,0.0
2025-10-01,6839.947700500488,10494.003295898438,-3654.055595397949
2025-10-02,3444.027900695801,3444.027900695801,0.0
2025-10-03,-1643.9437866210938,-1643.9437866210938,0.0
2025-10-06,-10163.984298706055,-10163.984298706055,0.0
2025-10-07,-2880.048751831241,-2880.048751831241,0.0
2025-10-08,-7649.90329742413,-7649.90329742413,0.0
2025-10-09,5441.923141479492,5441.923141479492,0.0
2025-10-10,13128.00407409668,13128.00407409668,0.0
2025-10-13,-3743.991851806828,-3743.991851806828,0.0
2025-10-14,7181.8828582765545,7181.8828582765545,0.0
2025-10-15,-167.95635223388672,-167.95635223388672,0.0
2025-10-16,-1344.008445739746,-1344.008445739746,0.0
2025-10-17,-5609.951019286922,-5609.951019286922,0.0
2025-10-20,6156.105995178036,6156.105995178036,0.0
2025-10-21,-2466.1445617677914,-2466.1445617677914,0.0
2025-10-22,-10595.98445892334,-10595.98445892334,0.0
2025-10-23,-29657.964706420684,-29657.964706420684,0.0
2025-10-24,3222.055435180664,3222.055435180664,0.0
2025-10-27,-2052.097320556454,-2052.097320556454,0.0
2025-10-28,8322.114944457822,8322.114944457822,0.0
2025-10-29,-4770.154953002717,-4770.154953002717,0.0
2025-10-30,-1583.9481353761898,-1583.9481353761898,0.0
2025-10-31,6252.13623046875,6252.13623046875,0.0
2025-11-03,-972.0897674560547,-972.0897674560547,0.0
2025-11-04,-7115.993499755859,-7115.993499755859,0.0
2025-11-05,4205.904006958008,4205.904006958008,0.0
2025-11-06,-4919.9724197387695,-4919.9724197387695,0.0
2025-11-07,-1901.8936157226562,-1901.8936157226562,0.0
2025-11-10,-5184.04483795166,-5184.04483795166,0.0
2025-11-11,-9833.993911743164,-9833.993911743164,0.0
2025-11-12,-2820.0674057006836,-2820.0674057006836,0.0
2025-11-13,8724.145889282041,8724.145889282041,0.0
2025-11-14,-3426.160812377744,-3426.160812377744,0.0
2025-11-17,8922.100067138672,8922.100067138672,0.0
2025-11-18,-7332.015037536247,-7332.015037536247,0.0
2025-11-19,10421.99134826623,10421.99134826623,0.0
2025-11-20,6923.947334289551,6923.947334289551,0.0
2025-11-21,4979.939460754208,4979.939460754208,0.0
2025-11-24,10710.082054138371,10710.082054138371,0.0
2025-11-25,-2693.967819213867,-2693.967819213867,0.0
2025-11-26,-2795.9346771240234,-2795.9346771240234,0.0
2025-11-28,-564.1365051267667,-564.1365051267667,0.0
2025-12-01,-9851.975440979191,-9851.975440979191,0.0
2025-12-02,6738.0523681640625,6738.0523681640625,0.0
2025-12-03,5483.922958374023,5483.922958374023,0.0
2025-12-04,5171.985626220916,5171.985626220916,0.0
2025-12-05,1092.0095443725322,1092.0095443725322,0.0
2025-12-08,10764.169692992979,10764.169692992979,0.0
2025-12-09,-912.0798110961914,-912.0798110961914,0.0
2025-12-10,-402.00233459472656,-402.00233459472656,0.0
2025-12-11,11087.88013458252,11087.88013458252,0.0
2025-12-12,8298.182487487606,8298.182487487606,0.0
2025-12-15,3227.920532226749,3227.920532226749,0.0
2025-12-16,5567.908287048129,5567.908287048129,0.0
2025-12-17,6204.042434692596,6204.042434692596,0.0
2025-12-18,-1518.0158615112305,-1518.0158615112305,0.0
2025-12-19,-2237.9493713378906,-2237.9493713378906,0.0
2025-12-22,-6294.078826904297,-6294.078826904297,0.0
2025-12-23,-4524.049758911133,-4524.049758911133,0.0
2025-12-24,5958.0230712890625,5958.0230712890625,0.0
2025-12-26,7620.034217834473,7620.034217834473,0.0
2025-12-29,-2591.9866561891504,-2591.9866561891504,0.0
2025-12-30,-3821.9261169433594,-3821.9261169433594,0.0
2025-12-31,3599.8678207399334,3599.8678207399334,0.0
