date,contract,raw,roll_gap,held_contract_pnl,adjusted,raw_change,adjusted_change
2025-01-02,RBX26.NYM,1.8738000392913816,0.0,,1.8514000177383416,,
2025-01-03,RBX26.NYM,1.875100016593933,0.0,0.0012999773025514916,1.852699995040893,0.0012999773025514916,0.0012999773025514916
2025-01-06,RBX26.NYM,1.876099944114685,0.0,0.0009999275207519531,1.853699922561645,0.0009999275207519531,0.0009999275207519531
2025-01-07,RBX26.NYM,1.8809000253677368,0.0,0.004800081253051758,1.8585000038146968,0.004800081253051758,0.004800081253051758
2025-01-08,RBX26.NYM,1.8722000122070312,0.0,-0.008700013160705566,1.8497999906539913,-0.008700013160705566,-0.008700013160705566
2025-01-09,RBX26.NYM,1.8782999515533447,0.0,0.0060999393463134766,1.8558999300003047,0.0060999393463134766,0.0060999393463134766
2025-01-10,RBX26.NYM,1.9069000482559204,0.0,0.028600096702575684,1.8845000267028804,0.028600096702575684,0.028600096702575684
2025-01-13,RBX26.NYM,1.8996000289916992,0.0,-0.007300019264221191,1.8772000074386592,-0.007300019264221191,-0.007300019264221191
2025-01-14,RBX26.NYM,1.9045000076293943,0.0,0.0048999786376950905,1.8820999860763543,0.0048999786376950905,0.0048999786376950905
2025-01-15,RBX26.NYM,1.928400039672852,0.0,0.023900032043457697,1.906000018119812,0.023900032043457697,0.023900032043457697
2025-01-16,RBX26.NYM,1.9072999954223635,0.0,-0.021100044250488503,1.8848999738693235,-0.021100044250488503,-0.021100044250488503
2025-01-17,RBX26.NYM,1.9075000286102293,0.0,0.00020003318786576685,1.8851000070571893,0.00020003318786576685,0.00020003318786576685
2025-01-21,RBX26.NYM,1.896299958229065,0.0,-0.011200070381164329,1.873899936676025,-0.011200070381164329,-0.011200070381164329
2025-01-22,RBX26.NYM,1.892899990081787,0.0,-0.003399968147277832,1.8704999685287471,-0.003399968147277832,-0.003399968147277832
2025-01-23,RBX26.NYM,1.8967000246047971,0.0,0.003800034523010032,1.8743000030517571,0.003800034523010032,0.003800034523010032
2025-01-24,RBX26.NYM,1.893399953842163,0.0,-0.0033000707626340553,1.870999932289123,-0.0033000707626340553,-0.0033000707626340553
2025-01-27,RBX26.NYM,1.8759000301361084,0.0,-0.017499923706054688,1.8535000085830684,-0.017499923706054688,-0.017499923706054688
2025-01-28,RBX26.NYM,1.8773000240325928,0.0,0.001399993896484375,1.8549000024795528,0.001399993896484375,0.001399993896484375
2025-01-29,RBX26.NYM,1.8652000427246092,0.0,-0.01209998130798362,1.8428000211715692,-0.01209998130798362,-0.01209998130798362
2025-01-30,RBX26.NYM,1.8717999458312988,0.0,0.006599903106689675,1.8493999242782588,0.006599903106689675,0.006599903106689675
2025-01-31,RBX26.NYM,1.866000056266785,0.0,-0.005799889564513938,1.843600034713745,-0.005799889564513938,-0.005799889564513938
2025-02-03,RBX26.NYM,1.8732999563217163,0.0,0.007299900054931419,1.8508999347686763,0.007299900054931419,0.007299900054931419
2025-02-04,RBX26.NYM,1.8863999843597408,0.0,0.013100028038024458,1.8639999628067008,0.013100028038024458,0.013100028038024458
2025-02-05,RBX26.NYM,1.853600025177002,0.0,-0.032799959182738814,1.831200003623962,-0.032799959182738814,-0.032799959182738814
2025-02-06,RBX26.NYM,1.862499952316284,0.0,0.008899927139282005,1.840099930763244,0.008899927139282005,0.008899927139282005
2025-02-07,RBX26.NYM,1.879199981689453,0.0,0.016700029373168945,1.856799960136413,0.016700029373168945,0.016700029373168945
2025-02-10,RBX26.NYM,1.892699956893921,0.0,0.013499975204467995,1.870299935340881,0.013499975204467995,0.013499975204467995
2025-02-11,RBX26.NYM,1.9219000339508057,0.0,0.029200077056884766,1.8995000123977657,0.029200077056884766,0.029200077056884766
2025-02-12,RBX26.NYM,1.8804999589920044,0.0,-0.04140007495880127,1.8580999374389644,-0.04140007495880127,-0.04140007495880127
2025-02-13,RBX26.NYM,1.8823000192642207,0.0,0.0018000602722163528,1.8598999977111808,0.0018000602722163528,0.0018000602722163528
2025-02-14,RBX26.NYM,1.8788000345230105,0.0,-0.0034999847412102714,1.8564000129699705,-0.0034999847412102714,-0.0034999847412102714
2025-02-18,RBX26.NYM,1.8901000022888184,0.0,0.011299967765807883,1.8676999807357784,0.011299967765807883,0.011299967765807883
2025-02-19,RBX26.NYM,1.896900057792664,0.0,0.006800055503845659,1.874500036239624,0.006800055503845659,0.006800055503845659
2025-02-20,RBX26.NYM,1.9092999696731567,0.0,0.01239991188049272,1.8868999481201167,0.01239991188049272,0.01239991188049272
2025-02-21,RBX26.NYM,1.8732999563217163,0.0,-0.03600001335144043,1.8508999347686763,-0.03600001335144043,-0.03600001335144043
2025-02-24,RBX26.NYM,1.8730000257492063,0.0,-0.00029993057250998767,1.8506000041961663,-0.00029993057250998767,-0.00029993057250998767
2025-02-25,RBX26.NYM,1.836400032043457,0.0,-0.03659999370574929,1.814000010490417,-0.03659999370574929,-0.03659999370574929
2025-02-26,RBX26.NYM,1.820199966430664,0.0,-0.01620006561279297,1.797799944877624,-0.01620006561279297,-0.01620006561279297
2025-02-27,RBX26.NYM,1.850299954414368,0.0,0.030099987983703835,1.827899932861328,0.030099987983703835,0.030099987983703835
2025-02-28,RBX26.NYM,1.832800030708313,0.0,-0.01749992370605491,1.810400009155273,-0.01749992370605491,-0.01749992370605491
2025-03-03,RBX26.NYM,1.8127000331878664,0.0,-0.020099997520446555,1.7903000116348264,-0.020099997520446555,-0.020099997520446555
2025-03-04,RBX26.NYM,1.8122999668121336,0.0,-0.00040006637573286596,1.7898999452590936,-0.00040006637573286596,-0.00040006637573286596
2025-03-05,RBX26.NYM,1.7812999486923218,0.0,-0.03100001811981179,1.7588999271392818,-0.03100001811981179,-0.03100001811981179
2025-03-06,RBX26.NYM,1.7753000259399414,0.0,-0.005999922752380371,1.7529000043869014,-0.005999922752380371,-0.005999922752380371
2025-03-07,RBX26.NYM,1.791599988937378,0.0,0.016299962997436523,1.769199967384338,0.016299962997436523,0.016299962997436523
2025-03-10,RBX26.NYM,1.767300009727478,0.0,-0.024299979209899902,1.744899988174438,-0.024299979209899902,-0.024299979209899902
2025-03-11,RBX26.NYM,1.7689000368118286,0.0,0.001600027084350586,1.7465000152587886,0.001600027084350586,0.001600027084350586
2025-03-12,RBX26.NYM,1.799299955368042,0.0,0.03039991855621338,1.776899933815002,0.03039991855621338,0.03039991855621338
2025-03-13,RBX26.NYM,1.7782000303268433,0.0,-0.02109992504119873,1.7558000087738033,-0.02109992504119873,-0.02109992504119873
2025-03-14,RBX26.NYM,1.7888000011444092,0.0,0.010599970817565918,1.7663999795913692,0.010599970817565918,0.010599970817565918
2025-03-17,RBX26.NYM,1.812600016593933,0.0,0.023800015449523926,1.790199995040893,0.023800015449523926,0.023800015449523926
2025-03-18,RBX26.NYM,1.8061000108718872,0.0,-0.0065000057220458984,1.7836999893188472,-0.0065000057220458984,-0.0065000057220458984
2025-03-19,RBX26.NYM,1.8116999864578247,0.0,0.0055999755859375,1.7892999649047847,0.0055999755859375,0.0055999755859375
2025-03-20,RBX26.NYM,1.835199952125549,0.0,0.023499965667724387,1.812799930572509,0.023499965667724387,0.023499965667724387
2025-03-21,RBX26.NYM,1.8348000049591064,0.0,-0.00039994716644264905,1.8123999834060665,-0.00039994716644264905,-0.00039994716644264905
2025-03-24,RBX26.NYM,1.8464000225067136,0.0,0.0116000175476072,1.8240000009536737,0.0116000175476072,0.0116000175476072
2025-03-25,RBX26.NYM,1.8516000509262085,0.0,0.005200028419494851,1.8292000293731685,0.005200028419494851,0.005200028419494851
2025-03-26,RBX26.NYM,1.868000030517578,0.0,0.016399979591369407,1.845600008964538,0.016399979591369407,0.016399979591369407
2025-03-27,RBX26.NYM,1.87720000743866,0.0,0.009199976921081987,1.85479998588562,0.009199976921081987,0.009199976921081987
2025-03-28,RBX26.NYM,1.8597999811172483,0.0,-0.017400026321411577,1.8373999595642083,-0.017400026321411577,-0.017400026321411577
2025-03-31,RBX26.NYM,1.893100023269653,0.0,0.033300042152404785,1.870700001716613,0.033300042152404785,0.033300042152404785
2025-04-01,RBZ26.NYM,1.8730000257492063,-0.023100018501282182,0.003000020980835405,1.8737000226974485,-0.020099997520446777,0.003000020980835405
2025-04-02,RBZ26.NYM,1.880800008773804,0.0,0.007799983024597612,1.8815000057220461,0.007799983024597612,0.007799983024597612
2025-04-03,RBZ26.NYM,1.7869000434875488,0.0,-0.0938999652862551,1.787600040435791,-0.0938999652862551,-0.0938999652862551
2025-04-04,RBZ26.NYM,1.7166999578475952,0.0,-0.07020008563995361,1.7173999547958374,-0.07020008563995361,-0.07020008563995361
2025-04-07,RBZ26.NYM,1.707200050354004,0.0,-0.009499907493591309,1.707900047302246,-0.009499907493591309,-0.009499907493591309
2025-04-08,RBZ26.NYM,1.6790000200271606,0.0,-0.02820003032684326,1.6797000169754028,-0.02820003032684326,-0.02820003032684326
2025-04-09,RBZ26.NYM,1.7245999574661257,0.0,0.045599937438965066,1.725299954414368,0.045599937438965066,0.045599937438965066
2025-04-10,RBZ26.NYM,1.6938999891281128,0.0,-0.030699968338012917,1.694599986076355,-0.030699968338012917,-0.030699968338012917
2025-04-11,RBZ26.NYM,1.7108999490737915,0.0,0.01699995994567871,1.7115999460220337,0.01699995994567871,0.01699995994567871
2025-04-14,RBZ26.NYM,1.72160005569458,0.0,0.010700106620788574,1.7223000526428223,0.010700106620788574,0.010700106620788574
2025-04-15,RBZ26.NYM,1.7117999792099,0.0,-0.009800076484680176,1.712499976158142,-0.009800076484680176,-0.009800076484680176
2025-04-16,RBZ26.NYM,1.7232999801635742,0.0,0.011500000953674316,1.7239999771118164,0.011500000953674316,0.011500000953674316
2025-04-17,RBZ26.NYM,1.7639000415802002,0.0,0.04060006141662598,1.7646000385284424,0.04060006141662598,0.04060006141662598
2025-04-21,RBZ26.NYM,1.7245999574661257,0.0,-0.039300084114074485,1.725299954414368,-0.039300084114074485,-0.039300084114074485
2025-04-22,RBZ26.NYM,1.743899941444397,0.0,0.019299983978271262,1.7445999383926392,0.019299983978271262,0.019299983978271262
2025-04-23,RBZ26.NYM,1.733199954032898,0.0,-0.010699987411499023,1.7338999509811401,-0.010699987411499023,-0.010699987411499023
2025-04-24,RBZ26.NYM,1.7481000423431396,0.0,0.0149000883102417,1.7488000392913818,0.0149000883102417,0.0149000883102417
2025-04-25,RBZ26.NYM,1.7568000555038452,0.0,0.008700013160705566,1.7575000524520874,0.008700013160705566,0.008700013160705566
2025-04-28,RBZ26.NYM,1.7440999746322632,0.0,-0.012700080871582031,1.7447999715805054,-0.012700080871582031,-0.012700080871582031
2025-04-29,RBZ26.NYM,1.719599962234497,0.0,-0.024500012397766113,1.7202999591827393,-0.024500012397766113,-0.024500012397766113
2025-04-30,RBZ26.NYM,1.667099952697754,0.0,-0.052500009536743164,1.667799949645996,-0.052500009536743164,-0.052500009536743164
2025-05-01,RBZ26.NYM,1.6914000511169434,0.0,0.024300098419189453,1.6921000480651855,0.024300098419189453,0.024300098419189453
2025-05-02,RBZ26.NYM,1.6756000518798828,0.0,-0.015799999237060547,1.676300048828125,-0.015799999237060547,-0.015799999237060547
2025-05-05,RBZ26.NYM,1.6614999771118164,0.0,-0.014100074768066406,1.6621999740600586,-0.014100074768066406,-0.014100074768066406
2025-05-06,RBZ26.NYM,1.6924999952316284,0.0,0.03100001811981201,1.6931999921798706,0.03100001811981201,0.03100001811981201
2025-05-07,RBZ26.NYM,1.669800043106079,0.0,-0.022699952125549316,1.6705000400543213,-0.022699952125549316,-0.022699952125549316
2025-05-08,RBZ26.NYM,1.704300045967102,0.0,0.03450000286102295,1.7050000429153442,0.03450000286102295,0.03450000286102295
2025-05-09,RBZ26.NYM,1.7207000255584717,0.0,0.01639997959136963,1.7214000225067139,0.01639997959136963,0.01639997959136963
2025-05-12,RBZ26.NYM,1.7446000576019287,0.0,0.02390003204345703,1.745300054550171,0.02390003204345703,0.02390003204345703
2025-05-13,RBZ26.NYM,1.7786999940872192,0.0,0.03409993648529053,1.7793999910354614,0.03409993648529053,0.03409993648529053
2025-05-14,RBZ26.NYM,1.7640999555587769,0.0,-0.014600038528442383,1.764799952507019,-0.014600038528442383,-0.014600038528442383
2025-05-15,RBZ26.NYM,1.7282999753952026,0.0,-0.03579998016357422,1.7289999723434448,-0.03579998016357422,-0.03579998016357422
2025-05-16,RBZ26.NYM,1.7410999536514282,0.0,0.012799978256225586,1.7417999505996704,0.012799978256225586,0.012799978256225586
2025-05-19,RBZ26.NYM,1.735100030899048,0.0,-0.005999922752380149,1.7358000278472903,-0.005999922752380149,-0.005999922752380149
2025-05-20,RBZ26.NYM,1.746000051498413,0.0,0.010900020599365012,1.7467000484466553,0.010900020599365012,0.010900020599365012
2025-05-21,RBZ26.NYM,1.741000056266785,0.0,-0.004999995231628196,1.741700053215027,-0.004999995231628196,-0.004999995231628196
2025-05-22,RBZ26.NYM,1.729300022125244,0.0,-0.011700034141540971,1.730000019073486,-0.011700034141540971,-0.011700034141540971
2025-05-23,RBZ26.NYM,1.7279000282287598,0.0,-0.001399993896484153,1.728600025177002,-0.001399993896484153,-0.001399993896484153
2025-05-27,RBZ26.NYM,1.715000033378601,0.0,-0.012899994850158691,1.7157000303268433,-0.012899994850158691,-0.012899994850158691
2025-05-28,RBZ26.NYM,1.7335000038146973,0.0,0.01849997043609619,1.7342000007629395,0.01849997043609619,0.01849997043609619
2025-05-29,RBZ26.NYM,1.7021000385284424,0.0,-0.03139996528625488,1.7028000354766846,-0.03139996528625488,-0.03139996528625488
2025-05-30,RBZ26.NYM,1.6775000095367432,0.0,-0.02460002899169922,1.6782000064849854,-0.02460002899169922,-0.02460002899169922
2025-06-02,RBZ26.NYM,1.715499997138977,0.0,0.03799998760223389,1.7161999940872192,0.03799998760223389,0.03799998760223389
2025-06-03,RBZ26.NYM,1.7436000108718872,0.0,0.028100013732910156,1.7443000078201294,0.028100013732910156,0.028100013732910156
2025-06-04,RBZ26.NYM,1.7218999862670898,0.0,-0.021700024604797363,1.722599983215332,-0.021700024604797363,-0.021700024604797363
2025-06-05,RBZ26.NYM,1.7340999841690063,0.0,0.012199997901916504,1.7347999811172485,0.012199997901916504,0.012199997901916504
2025-06-06,RBZ26.NYM,1.7532999515533447,0.0,0.01919996738433838,1.753999948501587,0.01919996738433838,0.01919996738433838
2025-06-09,RBZ26.NYM,1.7618999481201172,0.0,0.008599996566772461,1.7625999450683594,0.008599996566772461,0.008599996566772461
2025-06-10,RBZ26.NYM,1.7519999742507937,0.0,-0.009899973869323508,1.7526999711990359,-0.009899973869323508,-0.009899973869323508
2025-06-11,RBZ26.NYM,1.7990000247955322,0.0,0.04700005054473855,1.7997000217437744,0.04700005054473855,0.04700005054473855
2025-06-12,RBZ26.NYM,1.7897000312805176,0.0,-0.009299993515014648,1.7904000282287598,-0.009299993515014648,-0.009299993515014648
2025-06-13,RBZ26.NYM,1.8550000190734863,0.0,0.06529998779296875,1.8557000160217285,0.06529998779296875,0.06529998779296875
2025-06-16,RBZ26.NYM,1.8628000020980835,0.0,0.007799983024597168,1.8634999990463257,0.007799983024597168,0.007799983024597168
2025-06-17,RBZ26.NYM,1.9040000438690183,0.0,0.04120004177093484,1.9047000408172605,0.04120004177093484,0.04120004177093484
2025-06-18,RBZ26.NYM,1.9053000211715696,0.0,0.0012999773025512695,1.9060000181198118,0.0012999773025512695,0.0012999773025512695
2025-06-20,RBZ26.NYM,1.9076999425888064,0.0,0.002399921417236772,1.9083999395370486,0.002399921417236772,0.002399921417236772
2025-06-23,RBZ26.NYM,1.8360999822616575,0.0,-0.07159996032714888,1.8367999792098997,-0.07159996032714888,-0.07159996032714888
2025-06-24,RBZ26.NYM,1.7789000272750854,0.0,-0.057199954986572044,1.7796000242233276,-0.057199954986572044,-0.057199954986572044
2025-06-25,RBZ26.NYM,1.7647000551223757,0.0,-0.014199972152709739,1.765400052070618,-0.014199972152709739,-0.014199972152709739
2025-06-26,RBZ26.NYM,1.7724000215530396,0.0,0.0076999664306638405,1.7731000185012817,0.0076999664306638405,0.0076999664306638405
2025-06-27,RBZ26.NYM,1.7685999870300293,0.0,-0.003800034523010254,1.7692999839782715,-0.003800034523010254,-0.003800034523010254
2025-06-30,RBZ26.NYM,1.770799994468689,0.0,0.002200007438659668,1.7714999914169312,0.002200007438659668,0.002200007438659668
2025-07-01,RBF27.NYM,1.7750999927520752,-0.0042999982833862305,0.008599996566772461,1.7800999879837036,0.0042999982833862305,0.008599996566772461
2025-07-02,RBF27.NYM,1.797700047492981,0.0,0.02260005474090576,1.8027000427246094,0.02260005474090576,0.02260005474090576
2025-07-03,RBF27.NYM,1.7891000509262085,0.0,-0.008599996566772461,1.794100046157837,-0.008599996566772461,-0.008599996566772461
2025-07-07,RBF27.NYM,1.7999000549316406,0.0,0.010800004005432129,1.804900050163269,0.010800004005432129,0.010800004005432129
2025-07-08,RBF27.NYM,1.8080999851226809,0.0,0.008199930191040261,1.8130999803543093,0.008199930191040261,0.008199930191040261
2025-07-09,RBF27.NYM,1.809399962425232,0.0,0.0012999773025510475,1.8143999576568604,0.0012999773025510475,0.0012999773025510475
2025-07-10,RBF27.NYM,1.7891000509262085,0.0,-0.020299911499023438,1.794100046157837,-0.020299911499023438,-0.020299911499023438
2025-07-11,RBF27.NYM,1.816100001335144,0.0,0.026999950408935547,1.8210999965667725,0.026999950408935547,0.026999950408935547
2025-07-14,RBF27.NYM,1.8092999458312988,0.0,-0.006800055503845215,1.8142999410629272,-0.006800055503845215,-0.006800055503845215
2025-07-15,RBF27.NYM,1.8063000440597532,0.0,-0.002999901771545632,1.8113000392913816,-0.002999901771545632,-0.002999901771545632
2025-07-16,RBF27.NYM,1.7961000204086304,0.0,-0.010200023651122825,1.8011000156402588,-0.010200023651122825,-0.010200023651122825
2025-07-17,RBF27.NYM,1.812600016593933,0.0,0.016499996185302734,1.8176000118255615,0.016499996185302734,0.016499996185302734
2025-07-18,RBF27.NYM,1.8082000017166135,0.0,-0.004400014877319558,1.813199996948242,-0.004400014877319558,-0.004400014877319558
2025-07-21,RBF27.NYM,1.8046000003814695,0.0,-0.003600001335144043,1.809599995613098,-0.003600001335144043,-0.003600001335144043
2025-07-22,RBF27.NYM,1.7942999601364136,0.0,-0.01030004024505593,1.799299955368042,-0.01030004024505593,-0.01030004024505593
2025-07-23,RBF27.NYM,1.8026000261306765,0.0,0.008300065994262917,1.807600021362305,0.008300065994262917,0.008300065994262917
2025-07-24,RBF27.NYM,1.8047000169754028,0.0,0.0020999908447263405,1.8097000122070312,0.0020999908447263405,0.0020999908447263405
2025-07-25,RBF27.NYM,1.7942999601364136,0.0,-0.010400056838989258,1.799299955368042,-0.010400056838989258,-0.010400056838989258
2025-07-28,RBF27.NYM,1.825600028038025,0.0,0.03130006790161133,1.8306000232696533,0.03130006790161133,0.03130006790161133
2025-07-29,RBF27.NYM,1.8632999658584597,0.0,0.03769993782043479,1.8682999610900881,0.03769993782043479,0.03769993782043479
2025-07-30,RBF27.NYM,1.868399977684021,0.0,0.005100011825561301,1.8733999729156494,0.005100011825561301,0.005100011825561301
2025-07-31,RBF27.NYM,1.8463000059127808,0.0,-0.022099971771240234,1.8513000011444092,-0.022099971771240234,-0.022099971771240234
2025-08-01,RBF27.NYM,1.8040000200271609,0.0,-0.042299985885619895,1.8090000152587893,-0.042299985885619895,-0.042299985885619895
2025-08-04,RBF27.NYM,1.7914999723434448,0.0,-0.012500047683716042,1.7964999675750732,-0.012500047683716042,-0.012500047683716042
2025-08-05,RBF27.NYM,1.7768000364303589,0.0,-0.014699935913085938,1.7818000316619873,-0.014699935913085938,-0.014699935913085938
2025-08-06,RBF27.NYM,1.76610004901886,0.0,-0.010699987411498801,1.7711000442504885,-0.010699987411498801,-0.010699987411498801
2025-08-07,RBF27.NYM,1.7680000066757202,0.0,0.0018999576568601295,1.7730000019073486,0.0018999576568601295,0.0018999576568601295
2025-08-08,RBF27.NYM,1.7690999507904053,0.0,0.0010999441146850586,1.7740999460220337,0.0010999441146850586,0.0010999441146850586
2025-08-11,RBF27.NYM,1.771299958229065,0.0,0.002200007438659668,1.7762999534606934,0.002200007438659668,0.002200007438659668
2025-08-12,RBF27.NYM,1.7651000022888184,0.0,-0.006199955940246582,1.7700999975204468,-0.006199955940246582,-0.006199955940246582
2025-08-13,RBF27.NYM,1.7635999917984009,0.0,-0.0015000104904174805,1.7685999870300293,-0.0015000104904174805,-0.0015000104904174805
2025-08-14,RBF27.NYM,1.774999976158142,0.0,0.011399984359741211,1.7799999713897705,0.011399984359741211,0.011399984359741211
2025-08-15,RBF27.NYM,1.7644000053405762,0.0,-0.010599970817565918,1.7694000005722046,-0.010599970817565918,-0.010599970817565918
2025-08-18,RBF27.NYM,1.77839994430542,0.0,0.01399993896484375,1.7833999395370483,0.01399993896484375,0.01399993896484375
2025-08-19,RBF27.NYM,1.764299988746643,0.0,-0.014099955558776855,1.7692999839782715,-0.014099955558776855,-0.014099955558776855
2025-08-20,RBF27.NYM,1.7851999998092651,0.0,0.02090001106262207,1.7901999950408936,0.02090001106262207,0.02090001106262207
2025-08-21,RBF27.NYM,1.8029999732971191,0.0,0.017799973487854004,1.8079999685287476,0.017799973487854004,0.017799973487854004
2025-08-22,RBF27.NYM,1.8125,0.0,0.00950002670288086,1.8174999952316284,0.00950002670288086,0.00950002670288086
2025-08-25,RBF27.NYM,1.8301000595092771,0.0,0.01760005950927712,1.8351000547409055,0.01760005950927712,0.01760005950927712
2025-08-26,RBF27.NYM,1.7962000370025637,0.0,-0.03390002250671342,1.8012000322341921,-0.03390002250671342,-0.03390002250671342
2025-08-27,RBF27.NYM,1.804800033569336,0.0,0.008599996566772239,1.8098000288009644,0.008599996566772239,0.008599996566772239
2025-08-28,RBF27.NYM,1.8148000240325928,0.0,0.009999990463256836,1.8198000192642212,0.009999990463256836,0.009999990463256836
2025-08-29,RBF27.NYM,1.7970999479293823,0.0,-0.01770007610321045,1.8020999431610107,-0.01770007610321045,-0.01770007610321045
2025-09-02,RBF27.NYM,1.823300004005432,0.0,0.026200056076049583,1.8282999992370603,0.026200056076049583,0.026200056076049583
2025-09-03,RBF27.NYM,1.7970000505447388,0.0,-0.026299953460693137,1.8020000457763672,-0.026299953460693137,-0.026299953460693137
2025-09-04,RBF27.NYM,1.7888000011444092,0.0,-0.00820004940032959,1.7937999963760376,-0.00820004940032959,-0.00820004940032959
2025-09-05,RBF27.NYM,1.7592999935150146,0.0,-0.02950000762939453,1.764299988746643,-0.02950000762939453,-0.02950000762939453
2025-09-08,RBF27.NYM,1.7690000534057615,0.0,0.009700059890746848,1.77400004863739,0.009700059890746848,0.009700059890746848
2025-09-09,RBF27.NYM,1.7813999652862549,0.0,0.012399911880493386,1.7863999605178833,0.012399911880493386,0.012399911880493386
2025-09-10,RBF27.NYM,1.7970000505447388,0.0,0.015600085258483887,1.8020000457763672,0.015600085258483887,0.015600085258483887
2025-09-11,RBF27.NYM,1.7757999897003174,0.0,-0.021200060844421387,1.7807999849319458,-0.021200060844421387,-0.021200060844421387
2025-09-12,RBF27.NYM,1.7755999565124512,0.0,-0.00020003318786621094,1.7805999517440796,-0.00020003318786621094,-0.00020003318786621094
2025-09-15,RBF27.NYM,1.792799949645996,0.0,0.017199993133544922,1.7977999448776245,0.017199993133544922,0.017199993133544922
2025-09-16,RBF27.NYM,1.8128999471664429,0.0,0.020099997520446777,1.8178999423980713,0.020099997520446777,0.020099997520446777
2025-09-17,RBF27.NYM,1.8007999658584597,0.0,-0.012099981307983176,1.8057999610900881,-0.012099981307983176,-0.012099981307983176
2025-09-18,RBF27.NYM,1.7870999574661257,0.0,-0.013700008392333984,1.7920999526977541,-0.013700008392333984,-0.013700008392333984
2025-09-19,RBF27.NYM,1.7618999481201172,0.0,-0.025200009346008523,1.7668999433517456,-0.025200009346008523,-0.025200009346008523
2025-09-22,RBF27.NYM,1.7689000368118286,0.0,0.007000088691711426,1.773900032043457,0.007000088691711426,0.007000088691711426
2025-09-23,RBF27.NYM,1.7856999635696411,0.0,0.0167999267578125,1.7906999588012695,0.0167999267578125,0.0167999267578125
2025-09-24,RBF27.NYM,1.798799991607666,0.0,0.013100028038024902,1.8037999868392944,0.013100028038024902,0.013100028038024902
2025-09-25,RBF27.NYM,1.8039000034332275,0.0,0.0051000118255615234,1.808899998664856,0.0051000118255615234,0.0051000118255615234
2025-09-26,RBF27.NYM,1.8235000371932983,0.0,0.0196000337600708,1.8285000324249268,0.0196000337600708,0.0196000337600708
2025-09-29,RBF27.NYM,1.7871999740600586,0.0,-0.036300063133239746,1.792199969291687,-0.036300063133239746,-0.036300063133239746
2025-09-30,RBF27.NYM,1.7696000337600708,0.0,-0.017599940299987793,1.7746000289916992,-0.017599940299987793,-0.017599940299987793
2025-10-01,RBG27.NYM,1.7581000328063965,0.004999995231628418,-0.016499996185302734,1.7581000328063965,-0.011500000953674316,-0.016499996185302734
2025-10-02,RBG27.NYM,1.7400000095367432,0.0,-0.01810002326965332,1.7400000095367432,-0.01810002326965332,-0.01810002326965332
2025-10-03,RBG27.NYM,1.7473000288009644,0.0,0.007300019264221191,1.7473000288009644,0.007300019264221191,0.007300019264221191
2025-10-06,RBG27.NYM,1.770300030708313,0.0,0.023000001907348633,1.770300030708313,0.023000001907348633,0.023000001907348633
2025-10-07,RBG27.NYM,1.7694000005722046,0.0,-0.0009000301361083984,1.7694000005722046,-0.0009000301361083984,-0.0009000301361083984
2025-10-08,RBG27.NYM,1.7842999696731567,0.0,0.014899969100952148,1.7842999696731567,0.014899969100952148,0.014899969100952148
2025-10-09,RBG27.NYM,1.7666000127792358,0.0,-0.0176999568939209,1.7666000127792358,-0.0176999568939209,-0.0176999568939209
2025-10-10,RBG27.NYM,1.7143000364303589,0.0,-0.05229997634887695,1.7143000364303589,-0.05229997634887695,-0.05229997634887695
2025-10-13,RBG27.NYM,1.7323999404907229,0.0,0.01809990406036399,1.7323999404907229,0.01809990406036399,0.01809990406036399
2025-10-14,RBG27.NYM,1.7164000272750854,0.0,-0.01599991321563743,1.7164000272750854,-0.01599991321563743,-0.01599991321563743
2025-10-15,RBG27.NYM,1.7137000560760498,0.0,-0.0026999711990356445,1.7137000560760498,-0.0026999711990356445,-0.0026999711990356445
2025-10-16,RBG27.NYM,1.6979000568389893,0.0,-0.015799999237060547,1.6979000568389893,-0.015799999237060547,-0.015799999237060547
2025-10-17,RBG27.NYM,1.7129000425338743,0.0,0.014999985694885032,1.7129000425338743,0.014999985694885032,0.014999985694885032
2025-10-20,RBG27.NYM,1.705199956893921,0.0,-0.007700085639953391,1.705199956893921,-0.007700085639953391,-0.007700085639953391
2025-10-21,RBG27.NYM,1.7030999660491943,0.0,-0.0020999908447265625,1.7030999660491943,-0.0020999908447265625,-0.0020999908447265625
2025-10-22,RBG27.NYM,1.7279000282287598,0.0,0.02480006217956543,1.7279000282287598,0.02480006217956543,0.02480006217956543
2025-10-23,RBG27.NYM,1.7551000118255615,0.0,0.027199983596801758,1.7551000118255615,0.027199983596801758,0.027199983596801758
2025-10-24,RBG27.NYM,1.753999948501587,0.0,-0.0011000633239746094,1.753999948501587,-0.0011000633239746094,-0.0011000633239746094
2025-10-27,RBG27.NYM,1.7598999738693235,0.0,0.005900025367736594,1.7598999738693235,0.005900025367736594,0.005900025367736594
2025-10-28,RBG27.NYM,1.7517999410629272,0.0,-0.008100032806396262,1.7517999410629272,-0.008100032806396262,-0.008100032806396262
2025-10-29,RBG27.NYM,1.7599999904632568,0.0,0.00820004940032959,1.7599999904632568,0.00820004940032959,0.00820004940032959
2025-10-30,RBG27.NYM,1.7604999542236328,0.0,0.0004999637603759766,1.7604999542236328,0.0004999637603759766,0.0004999637603759766
2025-10-31,RBG27.NYM,1.7553999423980713,0.0,-0.0051000118255615234,1.7553999423980713,-0.0051000118255615234,-0.0051000118255615234
2025-11-03,RBG27.NYM,1.7630000114440918,0.0,0.007600069046020508,1.7630000114440918,0.007600069046020508,0.007600069046020508
2025-11-04,RBG27.NYM,1.7619999647140503,0.0,-0.001000046730041504,1.7619999647140503,-0.001000046730041504,-0.001000046730041504
2025-11-05,RBG27.NYM,1.749400019645691,0.0,-0.012599945068359375,1.749400019645691,-0.012599945068359375,-0.012599945068359375
2025-11-06,RBG27.NYM,1.746999979019165,0.0,-0.002400040626525879,1.746999979019165,-0.002400040626525879,-0.002400040626525879
2025-11-07,RBG27.NYM,1.7562999725341797,0.0,0.009299993515014648,1.7562999725341797,0.009299993515014648,0.009299993515014648
2025-11-10,RBG27.NYM,1.763700008392334,0.0,0.007400035858154297,1.763700008392334,0.007400035858154297,0.007400035858154297
2025-11-11,RBG27.NYM,1.784500002861023,0.0,0.020799994468688965,1.784500002861023,0.020799994468688965,0.020799994468688965
2025-11-12,RBG27.NYM,1.7444000244140625,0.0,-0.04009997844696045,1.7444000244140625,-0.04009997844696045,-0.04009997844696045
2025-11-13,RBG27.NYM,1.7382999658584597,0.0,-0.006100058555602805,1.7382999658584597,-0.006100058555602805,-0.006100058555602805
2025-11-14,RBG27.NYM,1.7581000328063965,0.0,0.01980006694793679,1.7581000328063965,0.01980006694793679,0.01980006694793679
2025-11-17,RBG27.NYM,1.746899962425232,0.0,-0.01120007038116455,1.746899962425232,-0.01120007038116455,-0.01120007038116455
2025-11-18,RBG27.NYM,1.7553000450134275,0.0,0.008400082588195579,1.7553000450134275,0.008400082588195579,0.008400082588195579
2025-11-19,RBG27.NYM,1.7208000421524048,0.0,-0.03450000286102273,1.7208000421524048,-0.03450000286102273,-0.03450000286102273
2025-11-20,RBG27.NYM,1.715000033378601,0.0,-0.005800008773803711,1.715000033378601,-0.005800008773803711,-0.005800008773803711
2025-11-21,RBG27.NYM,1.7015000581741333,0.0,-0.013499975204467773,1.7015000581741333,-0.013499975204467773,-0.013499975204467773
2025-11-24,RBG27.NYM,1.7093000411987305,0.0,0.007799983024597168,1.7093000411987305,0.007799983024597168,0.007799983024597168
2025-11-25,RBG27.NYM,1.705399990081787,0.0,-0.0039000511169433594,1.705399990081787,-0.0039000511169433594,-0.0039000511169433594
2025-11-26,RBG27.NYM,1.7231999635696411,0.0,0.017799973487854004,1.7231999635696411,0.017799973487854004,0.017799973487854004
2025-11-28,RBG27.NYM,1.7137000560760498,0.0,-0.009499907493591309,1.7137000560760498,-0.009499907493591309,-0.009499907493591309
2025-12-01,RBG27.NYM,1.7376999855041504,0.0,0.023999929428100586,1.7376999855041504,0.023999929428100586,0.023999929428100586
2025-12-02,RBG27.NYM,1.7143000364303589,0.0,-0.023399949073791504,1.7143000364303589,-0.023399949073791504,-0.023399949073791504
2025-12-03,RBG27.NYM,1.7127000093460083,0.0,-0.001600027084350586,1.7127000093460083,-0.001600027084350586,-0.001600027084350586
2025-12-04,RBG27.NYM,1.7168999910354614,0.0,0.004199981689453125,1.7168999910354614,0.004199981689453125,0.004199981689453125
2025-12-05,RBG27.NYM,1.7229000329971311,0.0,0.0060000419616697,1.7229000329971311,0.0060000419616697,0.0060000419616697
2025-12-08,RBG27.NYM,1.6936999559402466,0.0,-0.029200077056884544,1.6936999559402466,-0.029200077056884544,-0.029200077056884544
2025-12-09,RBG27.NYM,1.69159996509552,0.0,-0.0020999908447265625,1.69159996509552,-0.0020999908447265625,-0.0020999908447265625
2025-12-10,RBG27.NYM,1.6956000328063965,0.0,0.004000067710876465,1.6956000328063965,0.004000067710876465,0.004000067710876465
2025-12-11,RBG27.NYM,1.6748000383377075,0.0,-0.020799994468688965,1.6748000383377075,-0.020799994468688965,-0.020799994468688965
2025-12-12,RBG27.NYM,1.66349995136261,0.0,-0.011300086975097434,1.66349995136261,-0.011300086975097434,-0.011300086975097434
2025-12-15,RBG27.NYM,1.6601999998092651,0.0,-0.0032999515533449486,1.6601999998092651,-0.0032999515533449486,-0.0032999515533449486
2025-12-16,RBG27.NYM,1.6262999773025513,0.0,-0.03390002250671387,1.6262999773025513,-0.03390002250671387,-0.03390002250671387
2025-12-17,RBG27.NYM,1.628000020980835,0.0,0.0017000436782836914,1.628000020980835,0.0017000436782836914,0.0017000436782836914
2025-12-18,RBG27.NYM,1.628600001335144,0.0,0.000599980354309082,1.628600001335144,0.000599980354309082,0.000599980354309082
2025-12-19,RBG27.NYM,1.6411999464035034,0.0,0.012599945068359375,1.6411999464035034,0.012599945068359375,0.012599945068359375
2025-12-22,RBG27.NYM,1.6692999601364136,0.0,0.028100013732910156,1.6692999601364136,0.028100013732910156,0.028100013732910156
2025-12-23,RBG27.NYM,1.6740000247955322,0.0,0.004700064659118652,1.6740000247955322,0.004700064659118652,0.004700064659118652
2025-12-24,RBG27.NYM,1.6777000427246094,0.0,0.0037000179290771484,1.6777000427246094,0.0037000179290771484,0.0037000179290771484
2025-12-26,RBG27.NYM,1.6432000398635864,0.0,-0.03450000286102295,1.6432000398635864,-0.03450000286102295,-0.03450000286102295
2025-12-29,RBG27.NYM,1.6653000116348269,0.0,0.022099971771240456,1.6653000116348269,0.022099971771240456,0.022099971771240456
2025-12-30,RBG27.NYM,1.6653000116348269,0.0,0.0,1.6653000116348269,0.0,0.0
2025-12-31,RBG27.NYM,1.6510000228881836,0.0,-0.014299988746643288,1.6510000228881836,-0.014299988746643288,-0.014299988746643288
