method,window,decay,confidence,observations,exceptions,expected_exception_rate,actual_exception_rate,lr_pof,kupiec_p_value,lr_independence,independence_p_value,conditional_coverage_lr,conditional_coverage_p_value,kupiec_pass_5pct,independence_pass_5pct,conditional_coverage_pass_5pct
historical,125,,0.99,2079,51,0.010000000000000009,0.024531024531024532,31.555662084966002,1.9380445359651333e-08,32.463983467657215,1.214221045930941e-08,64.01964555262322,1.2545520178264269e-14,False,False,False
parametric,125,,0.99,2079,40,0.010000000000000009,0.01924001924001924,14.11244230775145,0.0001722009578617456,37.59294859977007,8.71589911355386e-10,51.70539090752152,5.91993121190626e-12,False,False,False
weighted_historical,125,0.94,0.99,2079,62,0.010000000000000009,0.029822029822029823,53.900802834811884,2.1083135237631723e-13,6.4146692017211535,0.011318141019262984,60.31547203653304,7.993605777301127e-14,False,False,False
weighted_historical,125,0.97,0.99,2079,46,0.010000000000000009,0.022126022126022125,22.953628467477813,1.6595666174623602e-06,5.390762641503329,0.020243621398835066,28.344391108981142,6.999929632600654e-07,False,False,False
weighted_historical,125,0.99,0.99,2079,35,0.010000000000000009,0.016835016835016835,8.139650389777955,0.00433076330033777,9.202433830303846,0.0024169356948040566,17.3420842200818,0.0001714803097263573,False,False,False
historical,250,,0.99,1954,42,0.010000000000000009,0.021494370522006142,19.619088020920515,9.452016685562725e-06,46.57194558490187,8.831602116288195e-12,66.19103360582238,4.218847493575595e-15,False,False,False
parametric,250,,0.99,1954,44,0.010000000000000009,0.022517911975435005,22.822479676054172,1.7767530096080009e-06,50.411019204433615,1.2468914789565133e-12,73.23349888048779,1.1102230246251565e-16,False,False,False
weighted_historical,250,0.94,0.99,1954,58,0.010000000000000009,0.02968270214943705,50.05536777737484,1.4946932580528483e-12,7.098223848908219,0.007716037683812016,57.15359162628306,3.8835601401387976e-13,False,False,False
weighted_historical,250,0.97,0.99,1954,44,0.010000000000000009,0.022517911975435005,22.822479676054172,1.7767530096080009e-06,5.57886228096794,0.018178528368851365,28.40134195702211,6.803414867029289e-07,False,False,False
weighted_historical,250,0.99,0.99,1954,30,0.010000000000000009,0.015353121801432957,4.860685568135068,0.027475416247821904,16.246727675954958,5.5605550943305104e-05,21.107413244090026,2.609657124874598e-05,False,False,False
historical,500,,0.99,1704,42,0.010000000000000009,0.02464788732394366,26.228051434007853,3.033833906318506e-07,26.346882307859573,2.852790337293243e-07,52.574933741867426,3.832600903308503e-12,False,False,False
parametric,500,,0.99,1704,47,0.010000000000000009,0.027582159624413145,35.986164031157784,1.9872361534112315e-09,37.51708220907943,9.06158814650837e-10,73.50324624023722,1.1102230246251565e-16,False,False,False
weighted_historical,500,0.94,0.99,1704,50,0.010000000000000009,0.029342723004694836,42.37415979307474,7.537936941304224e-11,5.726192102213474,0.01671368608200663,48.10035189528821,3.5903835460260325e-11,False,False,False
weighted_historical,500,0.97,0.99,1704,36,0.010000000000000009,0.02112676056338028,16.14668720141856,5.862101037634737e-05,4.046160935116916,0.04427191794357721,20.192848136535474,4.122671587181159e-05,False,False,False
weighted_historical,500,0.99,0.99,1704,27,0.010000000000000009,0.01584507042253521,4.993681632675305,0.02544002668703682,17.1200881534333,3.508920279848837e-05,22.113769786108605,1.5778143584221915e-05,False,False,False
